,voltage,test_time,current,internal_resistance,charge_capacity,discharge_capacity,charge_energy,discharge_energy,temperature,cycle_index,cycle_type,step_index,step_index_counter,step_type,discharge_dQdV,charge_dQdV
16000,4.3924623,97505.68,-0.012199588,0.0,0.2672532005,7.92e-08,1.022288373,3.48e-07,,1,rpt_0.05C,13,2,1,-0.017918527,0.0
16001,4.389672,97520.69678776548,-0.012060074,0.0,0.2672532005,5.008094732146111e-05,1.022288373,0.0002198100967297836,,1,rpt_0.05C,13,2,1,-0.022942584,0.0
16002,4.3868814,97539.92517785572,-0.011953265,0.0,0.2672532005,0.00011410235466546834,1.022288373,0.0005007385124909113,,1,rpt_0.05C,13,2,1,-0.046909865,0.0
16003,4.384091,97579.24507014028,-0.011995827,0.0,0.2672532005,0.00024500459430543315,1.022288373,0.0010747994302944869,,1,rpt_0.05C,13,2,1,-0.05887954,0.0
16004,4.3813004,97628.59753949074,-0.012003165,0.0,0.2672532005,0.0004093082688233575,1.022288373,0.0017949120077866425,,1,rpt_0.05C,13,2,1,-0.071066536,0.0
16005,4.3785095,97688.16559932363,-0.011985373,0.0,0.2672532005,0.0006076198372682722,1.022288373,0.0026635212800616226,,1,rpt_0.05C,13,2,1,-0.077304,0.0
16006,4.375719,97752.9611056323,-0.012001359,0.0,0.2672532005,0.0008233370635639017,1.022288373,0.0036077411155094295,,1,rpt_0.05C,13,2,1,-0.078580685,0.0
16007,4.3729286,97818.82749499,-0.011981348,0.0,0.2672532005,0.0010426169039793015,1.0222883730000003,0.004566944169637316,,1,rpt_0.05C,13,2,1,-0.08727227,0.0
16008,4.370138,97891.97892284571,-0.01199298,0.0,0.2672532005,0.0012861506672891838,1.022288373,0.005631576381202668,,1,rpt_0.05C,13,2,1,-0.08965835,0.0
16009,4.3673477,97967.1303507014,-0.011993591,0.0,0.2672532005,0.0015363427962170578,1.022288373,0.006724568601980774,,1,rpt_0.05C,13,2,1,-0.08522143,0.0
16010,4.3645573,98038.5629173973,-0.01197392,0.0,0.2672532005,0.0017741536745421024,1.022288373,0.007762846758820172,,1,rpt_0.05C,13,2,1,-0.09846589,0.0
16011,4.361767,98121.09650801602,-0.011979616,0.0,0.2672532005,0.002048923279541978,1.022288373,0.008961708204824548,,1,rpt_0.05C,13,2,1,-0.095482275,0.0
16012,4.3589764,98201.12871528772,-0.011987221,0.0,0.2672532005,0.002315367092474407,1.022288373,0.01012348941089086,,1,rpt_0.05C,13,2,1,-0.10070464,0.0
16013,4.356186,98285.5395894915,-0.01194992,0.0,0.2672532005,0.0025963839505610503,1.022288373,0.011348032630976121,,1,rpt_0.05C,13,2,1,-0.09870548,0.0
16014,4.353395,98368.27421920765,-0.01197414,0.0,0.2672532005,0.0028718221395668477,1.022288373,0.01254748629586413,,1,rpt_0.05C,13,2,1,-0.100699075,0.0
16015,4.3506045,98452.67971288733,-0.011978179,0.0,0.2672532005,0.0031528234608207157,1.022288373,0.013770401700342284,,1,rpt_0.05C,13,2,1,-0.10510306,0.0
16016,4.347814,98540.77730711421,-0.011993591,0.0,0.2672532005,0.0034461141349792918,1.022288373,0.015045991580469296,,1,rpt_0.05C,13,2,1,-0.10610741,0.0
16017,4.3450236,98629.71659193386,-0.011983624,0.0,0.2672532005,0.003742207446938851,1.022288373,0.016332945215691893,,1,rpt_0.05C,13,2,1,-0.11207316,0.0
16018,4.342233,98723.6558767535,-0.011993591,0.0,0.2672532005,0.004054948216819044,1.022288373,0.01769137949670503,,1,rpt_0.05C,13,2,1,-0.10725591,0.0
16019,4.3394427,98813.55819388779,-0.011977739,0.0,0.2672532005,0.004354246439745371,1.022288373,0.01899058761806077,,1,rpt_0.05C,13,2,1,-0.10794093,0.0
16020,4.3366523,98904.03444639279,-0.011986919,0.0,0.2672532005,0.004655456202930882,1.022288373,0.020297285337498208,,1,rpt_0.05C,13,2,1,-0.12077355,0.0
16021,4.333862,99005.26652111915,-0.011991694,0.0,0.2672532005,0.004992475451514222,1.022288373,0.021758372732975803,,1,rpt_0.05C,13,2,1,-0.113039106,0.0
16022,4.331071,99100.0160174895,-0.01198255,0.0,0.2672532005,0.005307911701704268,1.022288373,0.023124976956480015,,1,rpt_0.05C,13,2,1,-0.113129415,0.0
16023,4.3282804,99194.84094071854,-0.011979904,0.0,0.2672532005,0.00562359996323071,1.022288373,0.024491815876659204,,1,rpt_0.05C,13,2,1,-0.11922601,0.0
16024,4.32549,99294.77596067134,-0.012010373,0.0,0.2672532005,0.005956300792590166,1.0222883729999999,0.025931389490314625,,1,rpt_0.05C,13,2,1,-0.11519908,0.0
16025,4.3226995,99391.33561122246,-0.011971804,0.0,0.2672532005,0.006277764460140282,1.022288373,0.02732146193601203,,1,rpt_0.05C,13,2,1,-0.12520105,0.0
16026,4.319909,99496.27948761158,-0.011960403,0.0,0.2672532005,0.006627138654177008,1.022288373,0.028831218946057075,,1,rpt_0.05C,13,2,1,-0.12178116,0.0
16027,4.3171186,99598.35657815632,-0.011974078,0.0,0.2672532005,0.006966969668382303,1.022288373,0.03029878151549866,,1,rpt_0.05C,13,2,1,-0.12394149,0.0
16028,4.314328,99702.24439995378,-0.011977923,0.0,0.2672532005,0.00731282907497008,1.022288373,0.03179140303185997,,1,rpt_0.05C,13,2,1,-0.12431538,0.0
16029,4.3115377,99806.44441974857,-0.011965869,0.0,0.2672532005,0.007659731838396756,1.022288373,0.0332875556151137,,1,rpt_0.05C,13,2,1,-0.12389139,0.0
16030,4.3087473,99910.28889278557,-0.011999293,0.0,0.2672532005,0.008005451456039554,1.022288373,0.034777655208886836,,1,rpt_0.05C,13,2,1,-0.12772949,0.0
16031,4.3059564,100017.35095440882,-0.011970703,0.0,0.2672532005,0.008361881312836921,1.022288373,0.03631292718507702,,1,rpt_0.05C,13,2,1,-0.12818082,0.0
16032,4.303166,100124.79117006742,-0.0119844265,0.0,0.2672532005,0.008719570587016091,1.022288373,0.037852627020896396,,1,rpt_0.05C,13,2,1,-0.1320227,0.0
16033,4.3003755,100235.45220805248,-0.011993591,0.0,0.2672532005,0.00908798064177039,1.0222883729999999,0.03943746801064551,,1,rpt_0.05C,13,2,1,-0.13423245,0.0
16034,4.297585,100347.96507849029,-0.01197805,0.0,0.2672532005,0.009462557038613545,1.022288373,0.04104776441903123,,1,rpt_0.05C,13,2,1,-0.12952144,0.0
16035,4.2947946,100456.52995824983,-0.01197261,0.0,0.2672532005,0.009823987344338071,1.022288373,0.04260054536554295,,1,rpt_0.05C,13,2,1,-0.13750073,0.0
16036,4.292004,100571.78233800935,-0.011970703,0.0,0.2672532005,0.010207683913474697,1.022288373,0.04424791953564115,,1,rpt_0.05C,13,2,1,-0.13026612,0.0
16037,4.2892137,100680.97103832665,-0.011970703,0.0,0.2672532005,0.010571192234946448,1.022288373,0.045807620542462395,,1,rpt_0.05C,13,2,1,-0.14809541,0.0
16038,4.286423,100805.10398888685,-0.0119918175,0.0,0.2672532005,0.010984453307602714,1.022288373,0.047579617695308156,,1,rpt_0.05C,13,2,1,-0.13118543,0.0
16039,4.2836328,100915.06352955912,-0.011987704,0.0,0.2672532005,0.011350526980937654,1.022288373,0.049148241593309494,,1,rpt_0.05C,13,2,1,-0.13746767,0.0
16040,4.280842,101030.28889278558,-0.011993591,0.0,0.2672532005,0.01173413128059498,1.022288373,0.05079095936595834,,1,rpt_0.05C,13,2,1,-0.14723574,0.0
16041,4.2780514,101153.70226640778,-0.012002628,0.0,0.2672532005,0.012144993409324838,1.022288373,0.05254923741277826,,1,rpt_0.05C,13,2,1,-0.14023317,0.0
16042,4.275261,101271.24495490981,-0.011961902,0.0,0.2672532005,0.012536314858734689,1.0222883730000003,0.05422279445179947,,1,rpt_0.05C,13,2,1,-0.14522588,0.0
16043,4.2724705,101392.97209669338,-0.0120015135,0.0,0.2672532005,0.012941568493697634,1.022288373,0.0559548162870989,,1,rpt_0.05C,13,2,1,-0.15072688,0.0
16044,4.26968,101519.31206412826,-0.011988299,0.0,0.2672532005,0.013362172717254518,1.022288373,0.05775124961303946,,1,rpt_0.05C,13,2,1,-0.13972121,0.0
16045,4.2668896,101636.42638026053,-0.012006785,0.0,0.2672532005,0.013752065540950676,1.022288373,0.059415441449614595,,1,rpt_0.05C,13,2,1,-0.15651666,0.0
16046,4.264099,101767.61863560452,-0.012012788,0.0,0.2672532005,0.014188826117912133,1.022288373,0.06127847350656487,,1,rpt_0.05C,13,2,1,-0.15093625,0.0
16047,4.2613087,101894.13239228455,-0.011970703,0.0,0.2672532005,0.014610014543821952,1.0222883730000003,0.06307388536984253,,1,rpt_0.05C,13,2,1,-0.15325285,0.0
16048,4.258518,102022.5890556112,-0.011978477,0.0,0.2672532005,0.015037667479699365,1.022288373,0.06489566631336909,,1,rpt_0.05C,13,2,1,-0.15603437,0.0
16049,4.2557273,102153.3757748831,-0.011993591,0.0,0.2672532005,0.015473082223952052,1.022288373,0.0667492856070223,,1,rpt_0.05C,13,2,1,-0.15477656,0.0
16050,4.252937,102283.10917397295,-0.011978583,0.0,0.2672532005,0.01590498706294856,1.022288373,0.06858674962891567,,1,rpt_0.05C,13,2,1,-0.15667121,0.0
16051,4.2501464,102414.43080160322,-0.011970703,0.0,0.2672532005,0.01634217895578661,1.022288373,0.0704454861743238,,1,rpt_0.05C,13,2,1,-0.16165152,0.0
16052,4.247356,102549.92702843188,-0.011993591,0.0,0.2672532005,0.016793268401174274,1.022288373,0.07236204745086915,,1,rpt_0.05C,13,2,1,-0.15246011,0.0
16053,4.2445655,102677.71862725454,-0.011993591,0.0,0.2672532005,0.01721870917949238,1.022288373,0.07416846257720885,,1,rpt_0.05C,13,2,1,-0.16138875,0.0
16054,4.241775,102812.99488289077,-0.011948142,0.0,0.2672532005,0.017669065383106003,1.022288373,0.07607943671545885,,1,rpt_0.05C,13,2,1,-0.16148372,0.0
16055,4.2389846,102948.35006870882,-0.011970703,0.0,0.2672532005,0.018119686609443856,1.022288373,0.07799026671745621,,1,rpt_0.05C,13,2,1,-0.17167354,0.0
16056,4.236194,103092.24598554251,-0.011970703,0.0,0.2672532005,0.018598742548875426,1.022288373,0.08002031112373227,,1,rpt_0.05C,13,2,1,-0.1614142,0.0
16057,4.233403,103227.54368809047,-0.011970703,0.0,0.2672532005,0.01904916978129386,1.022288373,0.08192779160904408,,1,rpt_0.05C,13,2,1,-0.16888882,0.0
16058,4.2306128,103369.10715430864,-0.011981134,0.0,0.2672532005,0.019520454972309663,1.0222883730000003,0.08392228972471462,,1,rpt_0.05C,13,2,1,-0.17112753,0.0
16059,4.2278223,103512.5454058116,-0.011939826,0.0,0.2672532005,0.019997987298411752,1.0222883730000003,0.08594187333400898,,1,rpt_0.05C,13,2,1,-0.16533698,0.0
16060,4.225032,103651.13111890445,-0.011994849,0.0,0.2672532005,0.020459361078034352,1.022288373,0.08789184942260667,,1,rpt_0.05C,13,2,1,-0.1723369,0.0
16061,4.2222414,103795.58393599698,-0.011993591,0.0,0.2672532005,0.0209402681755506,1.022288373,0.08992303190465073,,1,rpt_0.05C,13,2,1,-0.17044587,0.0
16062,4.219451,103938.45184368736,-0.011980609,0.0,0.2672532005,0.0214158983408066,1.0222883729999999,0.0919306150674799,,1,rpt_0.05C,13,2,1,-0.17954198,0.0
16063,4.2166605,104088.94238727455,-0.011995365,0.0,0.2672532005,0.0219169111964667,1.022288373,0.09404391879293032,,1,rpt_0.05C,13,2,1,-0.17223597,0.0
16064,4.21387,104233.31071768538,-0.011970703,0.0,0.2672532005,0.02239753660898708,1.022288373,0.09606986482649629,,1,rpt_0.05C,13,2,1,-0.17346609,0.0
16065,4.2110796,104378.71102275982,-0.011970703,0.0,0.2672532005,0.022881594662121633,1.0222883729999999,0.09810895459519764,,1,rpt_0.05C,13,2,1,-0.17169943,-1.9892865e-14
16066,4.2082887,104522.62857214428,-0.011993591,0.0,0.26725320050000007,0.023360722861335108,1.0222883730000003,0.10012595714992334,,1,rpt_0.05C,13,2,1,-0.17705587,0.0
16067,4.205498,104671.03749937374,-0.0119733615,0.0,0.26725320050000007,0.02385479824697344,1.022288373,0.10220452842646464,,1,rpt_0.05C,13,2,1,-0.17487058,1.9892865e-14
16068,4.202708,104817.61419991602,-0.011970703,0.0,0.2672532005,0.02434277556670239,1.022288373,0.10425608917868145,,1,rpt_0.05C,13,2,1,-0.18859872,0.0
16069,4.1999173,104975.69647580876,-0.011975152,0.0,0.2672532005,0.02486906132432509,1.022288373,0.10646720385932726,,1,rpt_0.05C,13,2,1,-0.17678608,0.0
16070,4.197127,105123.87810692814,-0.011970703,0.0,0.2672532005,0.02536238387000057,1.022288373,0.1085384372890937,,1,rpt_0.05C,13,2,1,-0.17678516,0.0
16071,4.1943364,105272.0597380475,-0.011971252,0.0,0.2672532005,0.025855703825515573,1.022288373,0.11060830692826466,,1,rpt_0.05C,13,2,1,-0.19212446,0.0
16072,4.191546,105433.09851202402,-0.011985718,0.0,0.2672532005,0.026391828174304785,1.022288373,0.11285625179320485,,1,rpt_0.05C,13,2,1,-0.17551759,0.0
16073,4.1887555,105580.21762525049,-0.011976377,0.0,0.2672532005,0.026881610967607675,1.022288373,0.1149085085659793,,1,rpt_0.05C,13,2,1,-0.17938268,0.0
16074,4.185965,105730.5754033066,-0.012004585,0.0,0.2672532005,0.027382179334642383,1.022288373,0.11700458989950746,,1,rpt_0.05C,13,2,1,-0.18445374,0.0
16075,4.183174,105885.18438376754,-0.011934389,0.0,0.2672532005,0.02789689849556764,1.022288373,0.11915850310245092,,1,rpt_0.05C,13,2,1,-0.18970317,0.0
16076,4.1803837,106044.1944069389,-0.011970703,0.0,0.2672532005,0.028426266216284315,1.022288373,0.1213722050549702,,1,rpt_0.05C,13,2,1,-0.178973,0.0
16077,4.177593,106194.21111222447,-0.01197724,0.0,0.2672532005,0.028925691387202808,1.022288373,0.12345930373779587,,1,rpt_0.05C,13,2,1,-0.18239015,0.0
16078,4.174803,106347.08968186376,-0.011993591,0.0,0.2672532005,0.02943465212563491,1.022288373,0.12558485193687166,,1,rpt_0.05C,13,2,1,-0.1832281,0.0
16079,4.1720123,106500.67118862724,-0.011970703,0.0,0.2672532005,0.02994595115220718,1.022288373,0.12771875038215538,,1,rpt_0.05C,13,2,1,-0.18597753,0.0
16080,4.169222,106656.55667835672,-0.011990709,0.0,0.2672532005,0.030464922504284796,1.022288373,0.12988322648491973,,1,rpt_0.05C,13,2,1,-0.1949523,0.0
16081,4.1664314,106819.96560558617,-0.01198048,0.0,0.2672532005,0.031008937974405373,1.022288373,0.13215057832211877,,1,rpt_0.05C,13,2,1,-0.18325853,0.0
16082,4.163641,106973.57271042085,-0.0119777275,0.0,0.2672532005,0.031520321906369844,1.022288373,0.13428048628924194,,1,rpt_0.05C,13,2,1,-0.17980315,0.0
16083,4.1608505,107124.28346004506,-0.011964221,0.0,0.2672532005,0.032022063564285816,1.022288373,0.1363688633239592,,1,rpt_0.05C,13,2,1,-0.18634766,0.0
16084,4.1580596,107280.47989979958,-0.011993591,0.0,0.2672532005,0.03254206776008176,1.022288373,0.1385318282651784,,1,rpt_0.05C,13,2,1,-0.18622771,0.0
16085,4.155269,107436.57578800456,-0.011967806,0.0,0.2672532005,0.03306173721211954,1.022288373,0.1406919521934037,,1,rpt_0.05C,13,2,1,-0.19204617,0.0
16086,4.1524787,107597.54838677353,-0.011958728,0.0,0.2672532005,0.03359764307637119,1.022288373,0.14291803165714007,,1,rpt_0.05C,13,2,1,-0.18197767,0.0
16087,4.1496882,107750.0819073862,-0.011993591,0.0,0.2672532005,0.03410545279101291,1.022288373,0.14502599951463296,,1,rpt_0.05C,13,2,1,-0.18701194,0.0
16088,4.146898,107906.83496707701,-0.011975238,0.0,0.2672532005,0.034627310631445765,1.022288373,0.14719084074865738,,1,rpt_0.05C,13,2,1,-0.18189946,0.0
16089,4.1441073,108059.30231248212,-0.011993591,0.0,0.2672532005,0.0351349020870461,1.022288373,0.14929510602965665,,1,rpt_0.05C,13,2,1,-0.19212505,0.0
16090,4.141317,108220.34108645865,-0.012004943,0.0,0.2672532005,0.03567102811455847,1.0222883729999999,0.15151617986728594,,1,rpt_0.05C,13,2,1,-0.19379823,0.0
16091,4.1385264,108382.7823046092,-0.011993591,0.0,0.2672532005,0.0362118231392484,1.022288373,0.1537550410538964,,1,rpt_0.05C,13,2,1,-0.18437709,0.0
16092,4.1357355,108537.32715681361,-0.01201232,0.0,0.2672532005,0.03672632842163447,1.022288373,0.15588362937499603,,1,rpt_0.05C,13,2,1,-0.18763112,0.0
16093,4.132945,108694.59929483967,-0.0119908145,0.0,0.2672532005,0.03724991408115824,1.022288373,0.15804833323785253,,1,rpt_0.05C,13,2,1,-0.19047832,0.0
16094,4.1301546,108854.25822206914,-0.011993591,0.0,0.2672532005,0.03778144489082667,1.022288373,0.16024439299606702,,1,rpt_0.05C,13,2,1,-0.19408125,0.0
16095,4.127364,109016.93674205554,-0.011970703,0.0,0.2672532005,0.03832302969311197,1.022288373,0.16248046364056842,,1,rpt_0.05C,13,2,1,-0.18687747,0.0
16096,4.1245737,109173.57607652803,-0.011993591,0.0,0.2672532005,0.03884451229532353,1.022288373,0.16463207380655856,,1,rpt_0.05C,13,2,1,-0.18270572,0.0
16097,4.1217833,109326.72000501,-0.011993591,0.0,0.2672532005,0.03935435362021242,1.022288373,0.1667342659222788,,1,rpt_0.05C,13,2,1,-0.1937773,0.0
16098,4.118993,109489.14393098696,-0.011983187,0.0,0.2672532005,0.039895090244473755,1.022288373,0.16896233577649894,,1,rpt_0.05C,13,2,1,-0.1860047,0.0
16099,4.1162024,109645.05285821644,-0.01201648,0.0,0.2672532005,0.04041413737684555,1.0222883730000003,0.17109959128539826,,1,rpt_0.05C,13,2,1,-0.20103395,0.0
16100,4.113412,109813.55918336673,-0.011993591,0.0,0.2672532005,0.04097512373865231,1.0222883729999999,0.17340793888336298,,1,rpt_0.05C,13,2,1,-0.17992362,0.0
16101,4.110621,109964.37071267536,-0.012007637,0.0,0.2672532005,0.04147720160972448,1.022288373,0.17547247117794068,,1,rpt_0.05C,13,2,1,-0.19044907,0.0
16102,4.1078305,110124.00620240482,-0.011986897,0.0,0.2672532005,0.04200865081927611,1.022288373,0.17765634487424872,,1,rpt_0.05C,13,2,1,-0.19047816,-1.9892865e-14
16103,4.10504,110283.6651296343,-0.012014454,0.0,0.26725320050000007,0.042540181167677625,1.0222883730000003,0.17983906103111022,,1,rpt_0.05C,13,2,1,-0.18908131,1.9892865e-14
16104,4.1022496,110442.15249498996,-0.011969266,0.0,0.2672532005,0.043067813610320596,1.022288373,0.18200430735099346,,1,rpt_0.05C,13,2,1,-0.19991007,0.0
16105,4.099459,110609.71731212424,-0.011991254,0.0,0.2672532005,0.04362566376495697,1.022288373,0.18429200077019967,,1,rpt_0.05C,13,2,1,-0.19041625,0.0
16106,4.0966687,110769.32392117569,-0.011970703,0.0,0.2672532005,0.044157021364303606,1.0222883730000003,0.186469516353649,,1,rpt_0.05C,13,2,1,-0.18216276,0.0
16107,4.0938783,110922.01334168339,-0.011970703,0.0,0.2672532005,0.04466534756424352,1.022288373,0.18855127387613868,,1,rpt_0.05C,13,2,1,-0.2042451,0.0
16108,4.091088,111093.20976578155,-0.011993263,0.0,0.2672532005,0.045235294650453936,1.0222883730000003,0.1908837746440862,,1,rpt_0.05C,13,2,1,-0.1819735,0.0
16109,4.0882974,111245.7385062983,-0.0119523285,0.0,0.2672532005,0.045743092701381244,1.022288373,0.1929604940945924,,1,rpt_0.05C,13,2,1,-0.19427273,0.0
16110,4.0855064,111408.57809619239,-0.011970703,0.0,0.2672532005,0.04628521180588172,1.022288373,0.19517609050536056,,1,rpt_0.05C,13,2,1,-0.18624383,0.0
16111,4.082716,111564.68654746994,-0.011970703,0.0,0.2672532005,0.046804926247618645,1.022288373,0.19729866614972513,,1,rpt_0.05C,13,2,1,-0.18652472,0.0
16112,4.0799255,111721.03237975952,-0.011973369,0.0,0.2672532005,0.047325424521727194,1.022288373,0.19942303732278052,,1,rpt_0.05C,13,2,1,-0.19631225,0.0
16113,4.077135,111885.5811022044,-0.011993591,0.0,0.2672532005,0.04787323492815132,1.022288373,0.2016573312183768,,1,rpt_0.05C,13,2,1,-0.20235091,0.0
16114,4.0743446,112055.19130475237,-0.011968863,0.0,0.2672532005,0.048437896275593195,1.022288373,0.2039587295478638,,1,rpt_0.05C,13,2,1,-0.18286921,0.0
16115,4.071554,112208.47175851706,-0.011993591,0.0,0.2672532005,0.048948193807592355,1.022288373,0.20603712801869314,,1,rpt_0.05C,13,2,1,-0.20454332,0.0
16116,4.0687637,112379.92065631258,-0.01201648,0.0,0.2672532005,0.04951897309221218,1.022288373,0.20836025726930507,,1,rpt_0.05C,13,2,1,-0.17556441,0.0
16117,4.0659733,112527.07926519707,-0.011956513,0.0,0.2672532005,0.050008886526760166,1.0222883730000003,0.2103529100850411,,1,rpt_0.05C,13,2,1,-0.20284928,0.0
16118,4.063183,112697.10746743486,-0.011993591,0.0,0.2672532005,0.05057493855682593,1.022288373,0.2126536895055951,,1,rpt_0.05C,13,2,1,-0.19365327,0.0
16119,4.060392,112859.427244489,-0.011991032,0.0,0.2672532005,0.05111532909517687,1.022288373,0.2148486449869655,,1,rpt_0.05C,13,2,1,-0.19495119,0.0
16120,4.0576015,113022.83640447563,-0.0119859185,0.0,0.2672532005,0.0516593414772679,1.022288373,0.21705678024348596,,1,rpt_0.05C,13,2,1,-0.19043925,0.0
16121,4.054811,113182.462722588,-0.011977848,0.0,0.2672532005,0.05219076327029477,1.022288373,0.21921232758286818,,1,rpt_0.05C,13,2,1,-0.187011,0.0
16122,4.0520205,113339.21578227883,-0.011953253,0.0,0.2672532005,0.05271261852021571,1.022288373,0.22132766921097075,,1,rpt_0.05C,13,2,1,-0.20554213,0.0
16123,4.04923,113511.50031563123,-0.011984985,0.0,0.2672532005,0.05328618496121111,1.0222883729999999,0.22365098516301957,,1,rpt_0.05C,13,2,1,-0.19381517,0.0
16124,4.0464396,113673.95572645291,-0.011971599,0.0,0.2672532005,0.05382702725404433,1.022288373,0.22584021108222316,,1,rpt_0.05C,13,2,1,-0.1910754,0.0
16125,4.043649,113834.11544589177,-0.0119849425,0.0,0.2672532005,0.05436022419969064,1.022288373,0.22799700874980966,,1,rpt_0.05C,13,2,1,-0.19337463,0.0
16126,4.0408587,113996.20123532781,-0.011970703,0.0,0.2672532005,0.05489983718629941,1.022288373,0.23017826562452776,,1,rpt_0.05C,13,2,1,-0.19723813,0.0
16127,4.038068,114161.52572359005,-0.012000264,0.0,0.2672532005,0.05545023126331812,1.0222883729999999,0.23240157513409504,,1,rpt_0.05C,13,2,1,-0.19212525,0.0
16128,4.0352774,114322.56449756658,-0.011978497,0.0,0.2672532005,0.05598635782817715,1.022288373,0.23456575066014493,,1,rpt_0.05C,13,2,1,-0.19286108,0.0
16129,4.032487,114484.22072520037,-0.011970703,0.0,0.2672532005,0.05652453775188148,1.022288373,0.23673675595442034,,1,rpt_0.05C,13,2,1,-0.19971083,0.0
16130,4.0296965,114651.6190531062,-0.011979218,0.0,0.2672532005,0.057081831919664296,1.0222883729999999,0.23898330574570753,,1,rpt_0.05C,13,2,1,-0.19402748,0.0
16131,4.026906,114814.25224806755,-0.011974072,0.0,0.2672532005,0.057623266693544055,1.022288373,0.24116441969870384,,1,rpt_0.05C,13,2,1,-0.20471579,0.0
16132,4.0241156,114985.84412825652,-0.012011188,0.0,0.2672532005,0.0581945272339546,1.022288373,0.24346407830875094,,1,rpt_0.05C,13,2,1,-0.20331754,0.0
16133,4.021325,115156.2648572144,-0.011993591,0.0,0.2672532005,0.05876188595178962,1.022288373,0.24574640717898927,,1,rpt_0.05C,13,2,1,-0.19907962,0.0
16134,4.0185347,115323.1333316633,-0.011970972,0.0,0.2672532005,0.05931741871766231,1.022288373,0.24797960974850328,,1,rpt_0.05C,13,2,1,-0.20026228,0.0
16135,4.015744,115490.99292950102,-0.011970703,0.0,0.2672532005,0.05987625169566786,1.022288373,0.25022449933637525,,1,rpt_0.05C,13,2,1,-0.1895086,0.0
16136,4.0129533,115649.8394157064,-0.012011993,0.0,0.2672532005,0.0604050764753834,1.0222883730000003,0.25234739946097406,,1,rpt_0.05C,13,2,1,-0.20244503,0.0
16137,4.010163,115819.5293486974,-0.011993591,0.0,0.2672532005,0.06097000046170942,1.022288373,0.25461367431129056,,1,rpt_0.05C,13,2,1,-0.2053545,0.0
16138,4.0073724,115991.65727016533,-0.011977475,0.0,0.2672532005,0.06154304330069814,1.022288373,0.25691087872150326,,1,rpt_0.05C,13,2,1,-0.19188286,0.0
16139,4.004582,116152.49492985973,-0.011970703,0.0,0.2672532005,0.06207849347299605,1.022288373,0.25905590655929384,,1,rpt_0.05C,13,2,1,-0.20919625,0.0
16140,4.0017915,116327.84233299935,-0.011993591,0.0,0.2672532005,0.06266225677006032,1.022288373,0.26139283079696707,,1,rpt_0.05C,13,2,1,-0.19214602,0.0
16141,3.999001,116488.89891640424,-0.011953737,0.0,0.2672532005,0.0631984413069797,1.022288373,0.26353779621419526,,1,rpt_0.05C,13,2,1,-0.20447914,0.0
16142,3.9962106,116660.29297908317,-0.012003118,0.0,0.2672532005,0.06376904147697642,1.022288373,0.265818873898263,,1,rpt_0.05C,13,2,1,-0.20390104,0.0
16143,3.99342,116831.20190631264,-0.011967091,0.0,0.2672532005,0.06433802845783879,1.022288373,0.26809188978264153,,1,rpt_0.05C,13,2,1,-0.20361507,0.0
16144,3.9906294,117001.87215305612,-0.011992206,0.0,0.2672532005,0.06490621743832062,1.022288373,0.27036013489419575,,1,rpt_0.05C,13,2,1,-0.20624919,0.0
16145,3.987839,117174.7507226954,-0.011981339,0.0,0.2672532005,0.06548175694557547,1.0222883729999999,0.272656086983086,,1,rpt_0.05C,13,2,1,-0.19547704,0.0
16146,3.9850485,117338.5991508016,-0.011975142,0.0,0.2672532005,0.0660272366974515,1.022288373,0.27483062369347167,,1,rpt_0.05C,13,2,1,-0.2105938,0.0
16147,3.9822578,117515.11816740624,-0.011991807,0.0,0.2672532005,0.0666148998879594,1.022288373,0.2771717180567702,,1,rpt_0.05C,13,2,1,-0.20746377,1.9892865e-14
16148,3.9794674,117689.01408423988,-0.0120078605,0.0,0.26725320049999995,0.06719382867686555,1.022288373,0.27947635333527754,,1,rpt_0.05C,13,2,1,-0.19952719,-1.9892865e-14
16149,3.976677,117856.2579814705,-0.011958097,0.0,0.2672532005,0.06775061040605831,1.022288373,0.2816912809343391,,1,rpt_0.05C,13,2,1,-0.21027257,0.0
16150,3.9738865,118032.50681076439,-0.01198617,0.0,0.2672532005,0.06833737717143788,1.022288373,0.2840238490160486,,1,rpt_0.05C,13,2,1,-0.20746441,0.0
16151,3.971096,118206.40272759806,-0.011993591,0.0,0.2672532005,0.0689163077484922,1.022288373,0.28632362070486145,,1,rpt_0.05C,13,2,1,-0.1972377,0.0
16152,3.9683053,118371.72721586029,-0.011985159,0.0,0.2672532005,0.06946670063419945,1.022288373,0.288508517673883,,1,rpt_0.05C,13,2,1,-0.20235124,0.0
16153,3.965515,118541.33741840825,-0.011987062,0.0,0.2672532005,0.07003136288621636,1.022288373,0.2907485141394602,,1,rpt_0.05C,13,2,1,-0.21391545,0.0
16154,3.9627244,118720.64222444888,-0.011976701,0.0,0.2672532005,0.07062829513624241,1.022288373,0.2931148472069737,,1,rpt_0.05C,13,2,1,-0.20026489,0.0
16155,3.959934,118888.50516908817,-0.011990329,0.0,0.2672532005,0.071187135418171,1.022288373,0.2953286023442696,,1,rpt_0.05C,13,2,1,-0.20307975,0.0
16156,3.9571433,119058.72606176639,-0.011947814,0.0,0.2672532005,0.0717538305594548,1.022288373,0.2975719234411551,,1,rpt_0.05C,13,2,1,-0.21538617,0.0
16157,3.9543529,119239.26230836674,-0.011995853,0.0,0.2672532005,0.07235486684607353,1.022288373,0.2999495012370661,,1,rpt_0.05C,13,2,1,-0.20028566,0.0
16158,3.9515624,119407.14087800599,-0.011990264,0.0,0.2672532005,0.07291376506062246,1.0222883729999999,0.30215881199903916,,1,rpt_0.05C,13,2,1,-0.20624927,0.0
16159,3.948772,119580.01944764529,-0.01201648,0.0,0.2672532005,0.07348930478750439,1.022288373,0.30443234208936687,,1,rpt_0.05C,13,2,1,-0.20919736,0.0
16160,3.9459813,119755.36851296341,-0.011987937,0.0,0.2672532005,0.07407307117381727,1.022288373,0.3067367258866965,,1,rpt_0.05C,13,2,1,-0.22069797,0.0
16161,3.9431908,119940.35715430861,-0.011993591,0.0,0.2672532005,0.07468893006212422,1.022288373,0.30916603898793577,,1,rpt_0.05C,13,2,1,-0.19806264,0.0
16162,3.9404004,120106.37388419696,-0.0119832195,0.0,0.2672532005,0.07524162497645917,1.0222883729999999,0.31134465645893483,,1,rpt_0.05C,13,2,1,-0.20895547,0.0
16163,3.93761,120281.51810120241,-0.011993591,0.0,0.2672532005,0.07582471637001506,1.022288373,0.3136414879569953,,1,rpt_0.05C,13,2,1,-0.21221516,0.0
16164,3.9348195,120459.39667084167,-0.011993591,0.0,0.2672532005,0.0764169039205661,1.022288373,0.3159724852829115,,1,rpt_0.05C,13,2,1,-0.20192416,0.0
16165,3.9320288,120628.65143036074,-0.011970703,0.0,0.2672532005,0.07698037442009958,1.022288373,0.31818887270128066,,1,rpt_0.05C,13,2,1,-0.21055508,0.0
16166,3.9292383,120805.13818512025,-0.012004819,0.0,0.2672532005,0.07756792952462949,1.022288373,0.3204983668891962,,1,rpt_0.05C,13,2,1,-0.20365301,0.0
16167,3.9264479,120975.84007550814,-0.011970703,0.0,0.2672532005,0.07813622436804586,1.022288373,0.3227305848095874,,1,rpt_0.05C,13,2,1,-0.21090017,0.0
16168,3.9236574,121152.61649329911,-0.011970703,0.0,0.2672532005,0.07872474246493683,1.022288373,0.3250405819755598,,1,rpt_0.05C,13,2,1,-0.20419724,0.0
16169,3.9208667,121323.77389403808,-0.011970703,0.0,0.2672532005,0.07929455599252005,1.022288373,0.3272755816986191,,1,rpt_0.05C,13,2,1,-0.21194601,1.9892865e-14
16170,3.9180763,121501.42695641285,-0.011970703,0.0,0.26725320049999995,0.07988599249690125,1.022288373,0.32959373050348384,,1,rpt_0.05C,13,2,1,-0.20651764,-1.9892865e-14
16171,3.9152858,121674.53103331663,-0.011954108,0.0,0.2672532005,0.08046228108252472,1.022288373,0.33185088780669614,,1,rpt_0.05C,13,2,1,-0.21396706,0.0
16172,3.9124954,121853.87769539078,-0.011970703,0.0,0.2672532005,0.08105935732554109,1.022288373,0.33418778906508523,,1,rpt_0.05C,13,2,1,-0.19851415,0.0
16173,3.9097047,122020.27254759517,-0.011999307,0.0,0.2672532005,0.08161331216487616,1.022288373,0.336354370375716,,1,rpt_0.05C,13,2,1,-0.21221481,0.0
16174,3.9069142,122198.15111723446,-0.011993591,0.0,0.2672532005,0.08220549878332621,1.022288373,0.33866886128610835,,1,rpt_0.05C,13,2,1,-0.20654887,0.0
16175,3.9041238,122371.27973160606,-0.011993591,0.0,0.2672532005,0.08278187453146742,1.022288373,0.3409199416412779,,1,rpt_0.05C,13,2,1,-0.20746294,0.0
16176,3.9013333,122545.17564843975,-0.011993591,0.0,0.2672532005,0.08336080099139426,1.022288373,0.3431793724098885,,1,rpt_0.05C,13,2,1,-0.2106921,0.0
16177,3.898543,122721.77693191692,-0.011985196,0.0,0.2672532005,0.0839487384590916,1.022288373,0.3454723180050755,,1,rpt_0.05C,13,2,1,-0.20624311,0.0
16178,3.8957522,122894.64977079158,-0.0119983675,0.0,0.2672532005,0.08452426098265574,1.022288373,0.3477152089088087,,1,rpt_0.05C,13,2,1,-0.2003606,0.0
16179,3.8929617,123062.59125532315,-0.011993735,0.0,0.2672532005,0.08508336833310921,1.022288373,0.3498926045072619,,1,rpt_0.05C,13,2,1,-0.21254387,1.9892865e-14
16180,3.8901713,123240.74592291725,-0.011993591,0.0,0.26725320049999995,0.08567647319296152,1.022288373,0.35220071648964046,,1,rpt_0.05C,13,2,1,-0.19987951,-1.9892865e-14
16181,3.8873808,123408.28547970942,-0.011947042,0.0,0.2672532005,0.08623423805652805,1.022288373,0.35436972947345413,,1,rpt_0.05C,13,2,1,-0.20625049,0.0
16182,3.8845901,123581.1640493487,-0.011983496,0.0,0.2672532005,0.08680978117404875,1.022288373,0.3566062856510814,,1,rpt_0.05C,13,2,1,-0.19937098,0.0
16183,3.8817997,123748.27639278556,-0.011970703,0.0,0.2672532005,0.08736612699594586,1.022288373,0.358766675381082,,1,rpt_0.05C,13,2,1,-0.1952164,0.0
16184,3.8790092,123911.90556362725,-0.012000553,0.0,0.2672532005,0.08791087944810205,1.0222883730000003,0.3608805754982638,,1,rpt_0.05C,13,2,1,-0.20672841,0.0
16185,3.8762188,124085.18495991982,-0.011972537,0.0,0.2672532005,0.08848775622421785,1.022288373,0.3631175253707392,,1,rpt_0.05C,13,2,1,-0.2015309,0.0
16186,3.8734283,124254.1080310621,-0.011986975,0.0,0.2672532005,0.08905012933492858,1.022288373,0.3652966481401877,,1,rpt_0.05C,13,2,1,-0.2051933,0.0
16187,3.8706377,124426.10095440882,-0.011983427,0.0,0.2672532005,0.08962272234454785,1.022288373,0.3675137703199975,,1,rpt_0.05C,13,2,1,-0.20462014,0.0
16188,3.8678472,124597.61415044375,-0.011993591,0.0,0.2672532005,0.09019371594749448,1.022288373,0.36972306249267417,,1,rpt_0.05C,13,2,1,-0.19869184,0.0
16189,3.8650568,124764.15709011775,-0.011960972,0.0,0.2672532005,0.09074816664316912,1.022288373,0.371866802608935,,1,rpt_0.05C,13,2,1,-0.19685592,0.0
16190,3.8622663,124929.16135646292,-0.011970703,0.0,0.2672532005,0.09129749418430923,1.022288373,0.3739891988968238,,1,rpt_0.05C,13,2,1,-0.19175734,0.0
16191,3.8594756,125089.89191132266,-0.012003424,0.0,0.2672532005,0.09183259407661953,1.022288373,0.3760551572633863,,1,rpt_0.05C,13,2,1,-0.19739212,0.0
16192,3.8566852,125255.34619488976,-0.011989675,0.0,0.2672532005,0.09238341789048718,1.022288373,0.3781803083275136,,1,rpt_0.05C,13,2,1,-0.19380915,0.0
16193,3.8538947,125417.79706538076,-0.011970703,0.0,0.2672532005,0.09292424341452069,1.022288373,0.38026535565941566,,1,rpt_0.05C,13,2,1,-0.18955356,0.0
16194,3.8511043,125576.67987471595,-0.011988937,0.0,0.2672532005,0.09345319365091442,1.022288373,0.38230318519132195,,1,rpt_0.05C,13,2,1,-0.19723447,0.0
16195,3.8483136,125742.00163970799,-0.0120024085,0.0,0.2672532005,0.0940035775222295,1.022288373,0.38442204188421625,,1,rpt_0.05C,13,2,1,-0.19357653,0.0
16196,3.845523,125904.25786197395,-0.012000093,0.0,0.2672532005,0.09454375388330503,1.022288373,0.3865000859781807,,1,rpt_0.05C,13,2,1,-0.19067183,0.0
16197,3.8427327,126064.07918766105,-0.011993591,0.0,0.2672532005,0.09507582469493239,1.022288373,0.3885454616841376,,1,rpt_0.05C,13,2,1,-0.19212596,0.0
16198,3.8399422,126225.11796163753,-0.011984178,0.0,0.2672532005,0.09561195323061834,1.022288373,0.39060493600412094,,1,rpt_0.05C,13,2,1,-0.1931124,0.0
16199,3.8371518,126386.98464366232,-0.012007637,0.0,0.2672532005,0.09615083445422344,1.022288373,0.39267349930690787,,1,rpt_0.05C,13,2,1,-0.20134616,0.0
16200,3.834361,126555.75354530489,-0.011967611,0.0,0.2672532005,0.09671269200537119,1.022288373,0.3948286521084625,,1,rpt_0.05C,13,2,1,-0.18701266,0.0
16201,3.8315706,126712.5066049957,-0.011993591,0.0,0.2672532005,0.09723455185306427,1.0222883729999999,0.396828927280371,,1,rpt_0.05C,13,2,1,-0.20235056,0.0
16202,3.8287802,126882.11680754364,-0.011954938,0.0,0.2672532005,0.09779921220630625,1.0222883729999999,0.3989916702010121,,1,rpt_0.05C,13,2,1,-0.18701112,0.0
16203,3.8259897,127038.86986723446,-0.011981315,0.0,0.2672532005,0.09832106777146543,1.022288373,0.40098899537108845,,1,rpt_0.05C,13,2,1,-0.20234846,0.0
16204,3.823199,127208.4800697824,-0.011984893,0.0,0.2672532005,0.09888572225331936,1.022288373,0.4031485707881439,,1,rpt_0.05C,13,2,1,-0.19212593,0.0
16205,3.8204086,127369.51884375894,-0.012003709,0.0,0.2672532005,0.09942185072386539,1.022288373,0.4051975251494393,,1,rpt_0.05C,13,2,1,-0.19210912,0.0
16206,3.8176181,127530.54422487832,-0.011991885,0.0,0.2672532005,0.09995793230218043,1.022288373,0.4072448582740832,,1,rpt_0.05C,13,2,1,-0.20580536,0.0
16207,3.8148277,127703.05016533067,-0.011978126,0.0,0.2672532005,0.10053223328577618,1.022288373,0.4094365390266773,,1,rpt_0.05C,13,2,1,-0.1943191,0.0
16208,3.812037,127865.92873496994,-0.011952619,0.0,0.2672532005,0.10107448181598297,1.022288373,0.4115043923304715,,1,rpt_0.05C,13,2,1,-0.19987758,0.0
16209,3.8092465,128033.46486973947,-0.011993591,0.0,0.2672532005,0.10163224127564796,1.022288373,0.4136298841445057,,1,rpt_0.05C,13,2,1,-0.21858896,0.0
16210,3.806456,128216.68587424848,-0.011993591,0.0,0.2672532005,0.10224221500376433,1.022288373,0.4159525960289038,,1,rpt_0.05C,13,2,1,-0.203373,0.0
16211,3.8036656,128387.15327333237,-0.011958781,0.0,0.2672532005,0.10280972848291446,1.022288373,0.4181120175248314,,1,rpt_0.05C,13,2,1,-0.20910814,0.0
16212,3.8008752,128562.42738852704,-0.0119862305,0.0,0.2672532005,0.10339324589646262,1.0222883729999999,0.4203307242707831,,1,rpt_0.05C,13,2,1,-0.21221486,0.0
16213,3.7980845,128740.30595816634,-0.011999333,0.0,0.2672532005,0.10398543264328337,1.022288373,0.42258073959031484,,1,rpt_0.05C,13,2,1,-0.2122152,0.0
16214,3.795294,128918.1845278056,-0.011970703,0.0,0.2672532005,0.10457762034587985,1.022288373,0.42482912759005403,,1,rpt_0.05C,13,2,1,-0.22015658,0.0
16215,3.7925036,129102.71971693388,-0.011970703,0.0,0.2672532005,0.10519196850923321,1.022288373,0.4271599235190328,,1,rpt_0.05C,13,2,1,-0.21941435,0.0
16216,3.7897131,129286.63285750072,-0.011970703,0.0,0.2672532005,0.10580424548730569,1.022288373,0.42948115787927227,,1,rpt_0.05C,13,2,1,-0.22091709,0.0
16217,3.7869225,129471.80461172343,-0.011999733,0.0,0.2672532005,0.10642071582759578,1.022288373,0.43181657818020924,,1,rpt_0.05C,13,2,1,-0.24001202,0.0
16218,3.784132,129672.98272688233,-0.012000912,0.0,0.2672532005,0.10709047068838211,1.022288373,0.4343519713949273,,1,rpt_0.05C,13,2,1,-0.22617486,0.0
16219,3.7813416,129862.56175100201,-0.011993591,0.0,0.2672532005,0.10772161287137505,1.0222883729999999,0.4367394160349919,,1,rpt_0.05C,13,2,1,-0.2241465,0.0
16220,3.778551,130050.44032064125,-0.011972488,0.0,0.2672532005,0.10834709493167997,1.022288373,0.43910372802483283,,1,rpt_0.05C,13,2,1,-0.22745061,-1.9892865e-14
16221,3.7757607,130241.08833542085,-0.011993591,0.0,0.26725320050000007,0.10898179711642189,1.0222883730000003,0.4415011758518239,,1,rpt_0.05C,13,2,1,-0.24921529,1.9892865e-14
16222,3.77297,130449.98157278844,-0.011964298,0.0,0.2672532005,0.10967723374005388,1.022288373,0.44412606776707736,,1,rpt_0.05C,13,2,1,-0.24377789,-1.9892865e-14
16223,3.7701795,130654.31648547093,-0.011971875,0.0,0.26725320050000007,0.11035749726499744,1.022288373,0.44669172753990266,,1,rpt_0.05C,13,2,1,-0.23378618,1.9892865e-14
16224,3.767389,130850.27538451905,-0.012006939,0.0,0.2672532005,0.1110098789010536,1.0222883730000003,0.44915043760108897,,1,rpt_0.05C,13,2,1,-0.25220034,0.0
16225,3.7645986,131061.66932328943,-0.012002068,0.0,0.2672532005,0.1117136453387714,1.022288373,0.45180083418139505,,1,rpt_0.05C,13,2,1,-0.24574605,0.0
16226,3.761808,131267.65417021545,-0.011982051,0.0,0.2672532005,0.11239940104461164,1.022288373,0.4543814809539159,,1,rpt_0.05C,13,2,1,-0.2540201,0.0
16227,3.7590175,131480.57468311623,-0.011980015,0.0,0.2672532005,0.11310824547956222,1.022288373,0.4570470444907551,,1,rpt_0.05C,13,2,1,-0.25888205,0.0
16228,3.756227,131697.56915330663,-0.011970703,0.0,0.2672532005,0.11383065727971044,1.022288373,0.45976159951872353,,1,rpt_0.05C,13,2,1,-0.265483,0.0
16229,3.7534366,131920.09674062408,-0.011970703,0.0,0.2672532005,0.11457148901238795,1.022288373,0.46254328496418784,,1,rpt_0.05C,13,2,1,-0.25099227,0.0
16230,3.7506459,132130.4777204409,-0.011987718,0.0,0.2672532005,0.11527188429166481,1.022288373,0.46517119457310363,,1,rpt_0.05C,13,2,1,-0.26693168,0.0
16231,3.7478554,132354.22000501002,-0.011960876,0.0,0.2672532005,0.11601675863534572,1.022288373,0.46796398229157943,,1,rpt_0.05C,13,2,1,-0.28720063,0.0
16232,3.745065,132594.95190631264,-0.011987618,0.0,0.2672532005,0.1168181935584626,1.022288373,0.4709665437668157,,1,rpt_0.05C,13,2,1,-0.26710168,0.0
16233,3.7422745,132818.83678565125,-0.012007237,0.0,0.2672532005,0.11756354226908655,1.022288373,0.47375689654195385,,1,rpt_0.05C,13,2,1,-0.27696803,0.0
16234,3.739484,133050.99150336388,-0.012013751,0.0,0.2672532005,0.11833642306815542,1.022288373,0.476648217978414,,1,rpt_0.05C,13,2,1,-0.2967543,0.0
16235,3.7366934,133299.73038827654,-0.011970703,0.0,0.2672532005,0.11916451757047451,1.022288373,0.4797437188767232,,1,rpt_0.05C,13,2,1,-0.2832901,0.0
16236,3.733903,133537.1846718437,-0.011993591,0.0,0.2672532005,0.11995504011881972,1.022288373,0.4826965637789042,,1,rpt_0.05C,13,2,1,-0.2838466,0.0
16237,3.7311125,133775.10369426353,-0.011995364,0.0,0.2672532005,0.1207471156042139,1.022288373,0.4856530505302596,,1,rpt_0.05C,13,2,1,-0.30421093,0.0
16238,3.728322,134030.09323897795,-0.011961023,0.0,0.2672532005,0.12159601791978386,1.022288373,0.48881928787929474,,1,rpt_0.05C,13,2,1,-0.30556336,0.0
16239,3.7255313,134286.21596568136,-0.011988348,0.0,0.2672532005,0.12244869415968024,1.022288373,0.4919972090753251,,1,rpt_0.05C,13,2,1,-0.3093755,0.0
16240,3.722741,134545.53382014026,-0.011988062,0.0,0.2672532005,0.12331200822139528,1.022288373,0.49521233806281184,,1,rpt_0.05C,13,2,1,-0.3165055,0.0
16241,3.7199504,134810.82778306614,-0.01200271,0.0,0.2672532005,0.124195218560658,1.022288373,0.49849911312037276,,1,rpt_0.05C,13,2,1,-0.31472874,0.0
16242,3.71716,135074.6327054108,-0.011943012,0.0,0.2672532005,0.12507347085520032,1.022288373,0.501765003413617,,1,rpt_0.05C,13,2,1,-0.3326831,0.0
16243,3.7143693,135353.48738351703,-0.011977793,0.0,0.2672532005,0.12600182487608186,1.022288373,0.5052146240079991,,1,rpt_0.05C,13,2,1,-0.3451659,0.0
16244,3.7115788,135642.805237976,-0.012008831,0.0,0.2672532005,0.12696501222151246,1.022288373,0.5087909338138278,,1,rpt_0.05C,13,2,1,-0.32100728,0.0
16245,3.7087884,135911.87287324644,-0.011984577,0.0,0.2672532005,0.12786078483896848,1.022288373,0.5121144342701212,,1,rpt_0.05C,13,2,1,-0.35284758,0.0
16246,3.705998,136207.63001252504,-0.01201278,0.0,0.2672532005,0.12884540793536445,1.022288373,0.5157649179066977,,1,rpt_0.05C,13,2,1,-0.35429645,-1.9892865e-14
16247,3.7032075,136504.60145541086,-0.011993591,0.0,0.26725320050000007,0.12983407409220957,1.022288373,0.5194276327737479,,1,rpt_0.05C,13,2,1,-0.36712605,1.9892865e-14
16248,3.7004168,136812.3264366232,-0.012001913,0.0,0.2672532005,0.13085854136491248,1.022288373,0.5232201095029413,,1,rpt_0.05C,13,2,1,-0.37526223,0.0
16249,3.6976264,137126.87107277053,-0.011989082,0.0,0.2672532005,0.13190571269187826,1.022288373,0.5270936764937343,,1,rpt_0.05C,13,2,1,-0.3809299,-1.9892865e-14
16250,3.694836,137446.16548972946,-0.0119809145,0.0,0.26725320050000007,0.13296869966771327,1.022288373,0.5310227332087833,,1,rpt_0.05C,13,2,1,-0.37391648,1.9892865e-14
16251,3.6920455,137759.58222945893,-0.0120067205,0.0,0.2672532005,0.13401211565286245,1.022288373,0.5348766147979169,,1,rpt_0.05C,13,2,1,-0.42061347,0.0
16252,3.6892548,138112.14159819635,-0.0119869355,0.0,0.2672532005,0.13518583986463545,1.022288373,0.5392084527277516,,1,rpt_0.05C,13,2,1,-0.38413024,0.0
16253,3.6864643,138434.11905310623,-0.01198494,0.0,0.2672532005,0.13625775745119492,1.0222883730000003,0.5431615788398022,,1,rpt_0.05C,13,2,1,-0.41909996,0.0
16254,3.6836739,138785.40763026045,-0.011970703,0.0,0.2672532005,0.1374272581803867,1.022288373,0.5474713845130187,,1,rpt_0.05C,13,2,1,-0.43427032,0.0
16255,3.6808834,139149.41301603205,-0.011993591,0.0,0.2672532005,0.13863909189073476,1.022288373,0.5519337701919362,,1,rpt_0.05C,13,2,1,-0.44158462,0.0
16256,3.678093,139519.54917898297,-0.011996291,0.0,0.2672532005,0.13987133618297834,1.022288373,0.5564678865653522,,1,rpt_0.05C,13,2,1,-0.47769734,0.0
16257,3.6753023,139919.9540668838,-0.011975015,0.0,0.2672532005,0.14120435324114866,1.022288373,0.5613689591345395,,1,rpt_0.05C,13,2,1,-0.4397963,0.0
16258,3.6725118,140288.58977580158,-0.011989159,0.0,0.2672532005,0.14243160719891435,1.022288373,0.5658777748717375,,1,rpt_0.05C,13,2,1,-0.5056326,0.0
16259,3.6697214,140712.4103231463,-0.011970703,0.0,0.2672532005,0.14384257767551542,1.022288373,0.5710576686888095,,1,rpt_0.05C,13,2,1,-0.49440747,0.0
16260,3.666931,141126.8205968186,-0.011990508,0.0,0.2672532005,0.14522222446636734,1.022288373,0.5761186031816035,,1,rpt_0.05C,13,2,1,-0.49727726,0.0
16261,3.6641402,141543.63778113603,-0.012015171,0.0,0.2672532005,0.14660987940780246,1.022288373,0.5812051186430389,,1,rpt_0.05C,13,2,1,-0.541991,0.0
16262,3.6613498,141997.93286823647,-0.011959609,0.0,0.2672532005,0.14812230830869927,1.022288373,0.5867447138582378,,1,rpt_0.05C,13,2,1,-0.521922,0.0
16263,3.6585593,142435.40763026054,-0.0119879665,0.0,0.2672532005,0.14957873453123796,1.022288373,0.592075133065503,,1,rpt_0.05C,13,2,1,-0.58745515,0.0
16264,3.6557689,142927.81086172344,-0.011951652,0.0,0.2672532005,0.15121803137715428,1.022288373,0.5980702163237995,,1,rpt_0.05C,13,2,1,-0.54098624,0.0
16265,3.6529782,143381.26514529058,-0.011993591,0.0,0.2672532005,0.15272765638913377,1.022288373,0.6035868209822738,,1,rpt_0.05C,13,2,1,-0.562354,0.0
16266,3.6501877,143852.6285721443,-0.011970703,0.0,0.2672532005,0.15429690836486856,1.022288373,0.6093171606386601,,1,rpt_0.05C,13,2,1,-0.6287603,0.0
16267,3.6473973,144379.65481212418,-0.011957828,0.0,0.2672532005,0.15605146736204012,1.0222883730000003,0.6157191934937092,,1,rpt_0.05C,13,2,1,-0.5907921,0.0
16268,3.6446068,144874.85311497995,-0.011973866,0.0,0.2672532005,0.1577000759591082,1.022288373,0.6217299924125667,,1,rpt_0.05C,13,2,1,-0.6315264,0.0
16269,3.6418164,145404.19764779563,-0.011993591,0.0,0.2672532005,0.15946235391886476,1.022288373,0.6281503813995609,,1,rpt_0.05C,13,2,1,-0.62387115,0.0
16270,3.6390257,145927.1245328156,-0.011977332,0.0,0.2672532005,0.16120326973175902,1.022288373,0.634488093184725,,1,rpt_0.05C,13,2,1,-0.6366448,0.0
16271,3.6362352,146460.76024173346,-0.01201571,0.0,0.2672532005,0.16297983049483683,1.022288373,0.6409507459739702,,1,rpt_0.05C,13,2,1,-0.6996337,0.0
16272,3.6334448,147047.19063376758,-0.01199449,0.0,0.2672532005,0.1649321622339035,1.022288373,0.6480472822676173,,1,rpt_0.05C,13,2,1,-0.6275368,0.0
16273,3.6306543,147573.1895691382,-0.0119710155,0.0,0.2672532005,0.16668330699934847,1.022288373,0.6544076702799214,,1,rpt_0.05C,13,2,1,-0.69376206,0.0
16274,3.6278636,148154.70024674348,-0.011961608,0.0,0.2672532005,0.168619253811307,1.022288373,0.6614338647694107,,1,rpt_0.05C,13,2,1,-0.6677769,0.0
16275,3.6250732,148714.43080160322,-0.011993591,0.0,0.2672532005,0.17048268882763865,1.022288373,0.6681914773591433,,1,rpt_0.05C,13,2,1,-0.604622,0.0
16276,3.6222827,149221.22476452906,-0.011994777,0.0,0.2672532005,0.17216988979451783,1.022288373,0.6743053766023723,,1,rpt_0.05C,13,2,1,-0.62163043,0.0
16277,3.6194923,149742.27524048096,-0.011955059,0.0,0.2672532005,0.17390455301791075,1.0222883730000003,0.6805864956404306,,1,rpt_0.05C,13,2,1,-0.61303055,0.0
16278,3.6167016,150256.11645415833,-0.011970703,0.0,0.2672532005,0.17561521813427422,1.0222883730000003,0.6867759096543,,1,rpt_0.05C,13,2,1,-0.5622897,0.0
16279,3.6139112,150727.4281087174,-0.011993591,0.0,0.2672532005,0.17718429065397265,1.022288373,0.6924486418763884,,1,rpt_0.05C,13,2,1,-0.5320447,0.0
16280,3.6111207,151173.387871994,-0.011982379,0.0,0.2672532005,0.17866896442338986,1.022288373,0.6978121500883653,,1,rpt_0.05C,13,2,1,-0.5196314,0.0
16281,3.6083302,151608.94238727455,-0.012007696,0.0,0.2672532005,0.18011899860421596,1.022288373,0.7030465392579591,,1,rpt_0.05C,13,2,1,-0.4840819,0.0
16282,3.6055398,152014.6995265531,-0.011992127,0.0,0.2672532005,0.18146983179822276,1.022288373,0.7079189930026136,,1,rpt_0.05C,13,2,1,-0.49462542,0.0
16283,3.602749,152429.29499874747,-0.012013821,0.0,0.2672532005,0.18285008677071354,1.022288373,0.7128936782227605,,1,rpt_0.05C,13,2,1,-0.44963932,0.0
16284,3.5999587,152806.18255511022,-0.011993591,0.0,0.2672532005,0.1841048078056956,1.022288373,0.7174123554635179,,1,rpt_0.05C,13,2,1,-0.46300724,0.0
16285,3.5971682,153194.27581663325,-0.0119848205,0.0,0.2672532005,0.18539683208113844,1.022288373,0.722061792513772,,1,rpt_0.05C,13,2,1,-0.4550897,0.0
16286,3.5943778,153575.73010020037,-0.011993591,0.0,0.2672532005,0.18666676235391982,1.022288373,0.7266282241038416,,1,rpt_0.05C,13,2,1,-0.47131443,0.0
16287,3.591587,153970.78547970945,-0.011999698,0.0,0.2672532005,0.18798196790288424,1.0222883730000003,0.7313537691408308,,1,rpt_0.05C,13,2,1,-0.46340632,0.0
16288,3.5887966,154359.21111222447,-0.011975609,0.0,0.2672532005,0.18927510577283238,1.022288373,0.7359964310056424,,1,rpt_0.05C,13,2,1,-0.46021798,-1.9892865e-14
16289,3.5860062,154744.9659744463,-0.011974039,0.0,0.26725320050000007,0.19055934658255946,1.0222883730000003,0.7406035728777867,,1,rpt_0.05C,13,2,1,-0.44104657,1.9892865e-14
16290,3.5832157,155114.65121117234,-0.011989063,0.0,0.2672532005,0.19179008942288905,1.022288373,0.7450154155694889,,1,rpt_0.05C,13,2,1,-0.4633543,0.0
16291,3.5804253,155503.03346004506,-0.012000834,0.0,0.2672532005,0.1930830821115782,1.022288373,0.7496468418753808,,1,rpt_0.05C,13,2,1,-0.46429768,0.0
16292,3.5776346,155892.20841933868,-0.011993591,0.0,0.2672532005,0.19437870732224127,1.022288373,0.7542839424371264,,1,rpt_0.05C,13,2,1,-0.43635952,0.0
16293,3.5748441,156257.9655586172,-0.011970703,0.0,0.2672532005,0.19559637099628527,1.022288373,0.7586386318183598,,1,rpt_0.05C,13,2,1,-0.46215823,0.0
16294,3.5720537,156645.3456187375,-0.012003178,0.0,0.2672532005,0.1968860261186402,1.0222883730000003,0.7632471756296713,,1,rpt_0.05C,13,2,1,-0.44632024,0.0
16295,3.5692632,157019.44858717432,-0.011993591,0.0,0.2672532005,0.19813148516042076,1.022288373,0.7676942858105181,,1,rpt_0.05C,13,2,1,-0.4566779,0.0
16296,3.5664725,157402.23543587173,-0.011962658,0.0,0.2672532005,0.19940584738858969,1.022288373,0.7722410989168307,,1,rpt_0.05C,13,2,1,-0.47569603,-1.9892865e-14
16297,3.563682,157800.96286573148,-0.011992204,0.0,0.26725320050000007,0.20073327979053612,1.022288373,0.776973533998472,,1,rpt_0.05C,13,2,1,-0.46203113,0.0
16298,3.5608916,158188.23500375752,-0.01195475,0.0,0.26725320050000007,0.20202258021365946,1.0222883730000003,0.7815664686121466,,1,rpt_0.05C,13,2,1,-0.48833176,1.9892865e-14
16299,3.5581012,158597.55285821643,-0.011971049,0.0,0.2672532005,0.20338527273821705,1.0222883730000003,0.7864170467754033,,1,rpt_0.05C,13,2,1,-0.48670423,0.0
16300,3.5553105,159005.50714178354,-0.01199151,0.0,0.2672532005,0.2047434235549783,1.022288373,0.7912475814956363,,1,rpt_0.05C,13,2,1,-0.44483808,0.0
16301,3.55252,159378.37008642286,-0.011993591,0.0,0.2672532005,0.2059847466803138,1.022288373,0.7956592033448847,,1,rpt_0.05C,13,2,1,-0.4668897,0.0
16302,3.5497296,159769.71731212424,-0.011983625,0.0,0.2672532005,0.2072876049736932,1.022288373,0.8002859259159381,,1,rpt_0.05C,13,2,1,-0.4482907,0.0
16303,3.5469391,160145.4744514028,-0.011972758,0.0,0.2672532005,0.20853856264307263,1.022288373,0.8047248553617945,,1,rpt_0.05C,13,2,1,-0.43635944,0.0
16304,3.5441487,160511.23159068133,-0.011983599,0.0,0.2672532005,0.20975622601741598,1.022288373,0.8090422341934927,,1,rpt_0.05C,13,2,1,-0.42317623,0.0
16305,3.541358,160865.93654746996,-0.012011663,0.0,0.2672532005,0.21093710158314047,1.022288373,0.8132258583004861,,1,rpt_0.05C,13,2,1,-0.40178868,0.0
16306,3.5385675,161202.71461923848,-0.0120089,0.0,0.2672532005,0.21205829509994575,1.022288373,0.8171949204616711,,1,rpt_0.05C,13,2,1,-0.4048378,0.0
16307,3.535777,161542.0488188878,-0.012001778,0.0,0.2672532005,0.2131879971526297,1.022288373,0.8211908870989566,,1,rpt_0.05C,13,2,1,-0.37890846,0.0
16308,3.5329866,161859.64933867735,-0.011993591,0.0,0.2672532005,0.21424534327334668,1.022288373,0.8249279438932183,,1,rpt_0.05C,13,2,1,-0.36511174,0.0
16309,3.530196,162165.6845278056,-0.011983746,0.0,0.2672532005,0.21526418958080445,1.022288373,0.8285260998428354,,1,rpt_0.05C,13,2,1,-0.35895234,0.0
16310,3.5274055,162466.5579058116,-0.011993591,0.0,0.2672532005,0.21626584807735363,1.022288373,0.8320607931220538,,1,rpt_0.05C,13,2,1,-0.35822535,0.0
16311,3.524615,162766.82023672346,-0.011979951,0.0,0.2672532005,0.21726547786889652,1.0222883730000003,0.8355855520073697,,1,rpt_0.05C,13,2,1,-0.35865992,0.0
16312,3.5218246,163067.4477229459,-0.011981893,0.0,0.2672532005,0.21826632033655424,1.022288373,0.8391117335912555,,1,rpt_0.05C,13,2,1,-0.33164558,-1.9892865e-14
16313,3.519034,163345.43250814133,-0.011987985,0.0,0.26725320050000007,0.21919177917502045,1.0222883730000003,0.8423697857997079,,1,rpt_0.05C,13,2,1,-0.3541152,1.9892865e-14
16314,3.5162435,163642.25036260017,-0.011985557,0.0,0.2672532005,0.22017993956824317,1.022288373,0.8458458355494223,,1,rpt_0.05C,13,2,1,-0.34866032,0.0
16315,3.513453,163934.4976227455,-0.011965694,0.0,0.2672532005,0.22115287807999812,1.022288373,0.8492655908803168,,1,rpt_0.05C,13,2,1,-0.35061848,-1.9892865e-14
16316,3.5106626,164228.38607151803,-0.011997868,0.0,0.26725320050000007,0.22213128084642875,1.022288373,0.8527018200936942,,1,rpt_0.05C,13,2,1,-0.33920434,1.9892865e-14
16317,3.507872,164512.70668660244,-0.011970703,0.0,0.2672532005,0.2230778324586145,1.022288373,0.8560235317948237,,1,rpt_0.05C,13,2,1,-0.34215316,0.0
16318,3.5050814,164799.49834293587,-0.01198334,0.0,0.2672532005,0.2240326127088524,1.022288373,0.8593715060556911,,1,rpt_0.05C,13,2,1,-0.34359118,0.0
16319,3.502291,165087.4949298597,-0.011993591,0.0,0.2672532005,0.22499140579163834,1.022288373,0.8627308409256632,,1,rpt_0.05C,13,2,1,-0.3198997,0.0
16320,3.4995005,165355.6340518537,-0.0119816065,0.0,0.2672532005,0.22588408769526927,1.022288373,0.8658560784630845,,1,rpt_0.05C,13,2,1,-0.34226218,0.0
16321,3.49671,165642.51752505012,-0.011978132,0.0,0.2672532005,0.22683917217627103,1.022288373,0.8691971124668162,,1,rpt_0.05C,13,2,1,-0.32122785,0.0
16322,3.4939194,165911.76976077157,-0.011993591,0.0,0.2672532005,0.22773556025197025,1.022288373,0.8723302623108102,,1,rpt_0.05C,13,2,1,-0.3093462,-1.9892865e-14
16323,3.491129,166171.06417773044,-0.012013862,0.0,0.26725320050000007,0.22859879256457188,1.022288373,0.8753451647433369,,1,rpt_0.05C,13,2,1,-0.3202708,1.9892865e-14
16324,3.4883385,166439.51468812625,-0.011991099,0.0,0.2672532005,0.22949250997813175,1.022288373,0.8784640322903481,,1,rpt_0.05C,13,2,1,-0.31114522,0.0
16325,3.485548,166700.31590931866,-0.01200697,0.0,0.2672532005,0.23036076244013243,1.022288373,0.8814915789777003,,1,rpt_0.05C,13,2,1,-0.31192362,0.0
16326,3.4827576,166961.77019288577,-0.011993591,0.0,0.2672532005,0.23123118700064563,1.022288373,0.8845242901008582,,1,rpt_0.05C,13,2,1,-0.32100222,0.0
16327,3.4799669,167230.83559556614,-0.011976848,0.0,0.2672532005,0.2321269454202389,1.022288373,0.8876427511126047,,1,rpt_0.05C,13,2,1,-0.3104191,0.0
16328,3.4771764,167491.02896668337,-0.011992255,0.0,0.2672532005,0.23299317170073972,1.022288373,0.8906560715413739,,1,rpt_0.05C,13,2,1,-0.3798834,0.0
16329,3.474386,167809.44786698394,-0.011980874,0.0,0.2672532005,0.23405323844052472,1.022288373,0.894340676394985,,1,rpt_0.05C,13,2,1,-0.3702027,0.0
16330,3.4715955,168119.75144288575,-0.011973013,0.0,0.2672532005,0.23508629107908313,1.022288373,0.8979284160142034,,1,rpt_0.05C,13,2,1,-0.40177578,0.0
16331,3.4688048,168456.51810120244,-0.011973554,0.0,0.2672532005,0.2362074486366817,1.022288373,0.9018190600652265,,1,rpt_0.05C,13,2,1,-0.43636167,0.0
16332,3.4660144,168822.275240481,-0.011986346,0.0,0.2672532005,0.2374251182596569,1.022288373,0.9060412324569893,,1,rpt_0.05C,13,2,1,-0.41391602,0.0
16333,3.463224,169169.21928481964,-0.011996307,0.0,0.2672532005,0.2385801532094501,1.022288373,0.9100430474385536,,1,rpt_0.05C,13,2,1,-0.41104728,0.0
16334,3.4604335,169513.75826903808,-0.011987454,0.0,0.2672532005,0.23972718290690465,1.022288373,0.9140139791393974,,1,rpt_0.05C,13,2,1,-0.42242342,0.0
16335,3.4576428,169867.83155623745,-0.011974556,0.0,0.2672532005,0.24090595775786422,1.022288373,0.9180914881714077,,1,rpt_0.05C,13,2,1,-0.3809557,0.0
16336,3.4548523,170187.14941069638,-0.012007888,0.0,0.2672532005,0.24196901676115712,1.022288373,0.9217656960864571,,1,rpt_0.05C,13,2,1,-0.350609,0.0
16337,3.452062,170481.02968687378,-0.011984626,0.0,0.2672532005,0.2429473931017266,1.022288373,0.9251445198279861,,1,rpt_0.05C,13,2,1,-0.3461638,0.0
16338,3.4492714,170771.1840956914,-0.011987179,0.0,0.2672532005,0.24391336514304812,1.022288373,0.9284778442298003,,1,rpt_0.05C,13,2,1,-0.3118109,1.9892865e-14
16339,3.446481,171032.54396543084,-0.011993591,0.0,0.26725320049999995,0.24478347518977847,1.0222883729999999,0.931477892474916,,1,rpt_0.05C,13,2,1,-0.2905393,-1.9892865e-14
16340,3.4436903,171276.07391282564,-0.011973215,0.0,0.2672532005,0.2455942266761676,1.022288373,0.9342710401252478,,1,rpt_0.05C,13,2,1,-0.2761332,0.0
16341,3.4408998,171507.52819639278,-0.011997597,0.0,0.2672532005,0.246364777935479,1.022288373,0.9369235408805622,,1,rpt_0.05C,13,2,1,-0.24749963,0.0
16342,3.4381094,171714.9824799599,-0.011976652,0.0,0.2672532005,0.24705542701215022,1.022288373,0.9392990443045055,,1,rpt_0.05C,13,2,1,-0.2256959,0.0
16343,3.435319,171904.16063627254,-0.01201648,0.0,0.2672532005,0.24768523263268705,1.022288373,0.9414635645224737,,1,rpt_0.05C,13,2,1,-0.2181798,0.0
16344,3.4325283,172087.03920591183,-0.011973952,0.0,0.2672532005,0.24829406457671638,1.022288373,0.9435542750873095,,1,rpt_0.05C,13,2,1,-0.19432029,0.0
16345,3.4297378,172249.9177755511,-0.011973965,0.0,0.2672532005,0.24883631641098694,1.022288373,0.945414814791316,,1,rpt_0.05C,13,2,1,-0.18087968,0.0
16346,3.4269474,172401.5305401428,-0.011985008,0.0,0.2672532005,0.24934106216073076,1.0222883730000003,0.9471452472250126,,1,rpt_0.05C,13,2,1,-0.15489858,0.0
16347,3.424157,172531.3661932198,-0.012036132,0.0,0.2672532005,0.24977330751101956,1.022288373,0.9486259292261454,,1,rpt_0.05C,13,2,1,-0.14209186,0.0
16348,3.4213662,172650.46610516487,-0.011993591,0.0,0.2672532005,0.25016981561189805,1.0222883729999999,0.9499831285637601,,1,rpt_0.05C,13,2,1,-0.13853134,0.0
16349,3.4185758,172766.5816886045,-0.011975432,0.0,0.2672532005,0.2505563881023631,1.022288373,0.9513052374279662,,1,rpt_0.05C,13,2,1,-0.12301094,0.0
16350,3.4157853,172869.6889992485,-0.012005937,0.0,0.2672532005,0.2508996508021181,1.022288373,0.9524782698104245,,1,rpt_0.05C,13,2,1,-0.122619696,0.0
16351,3.4129949,172972.4689716934,-0.012008613,0.0,0.2672532005,0.25124182174960086,1.022288373,0.9536465890352734,,1,rpt_0.05C,13,2,1,-0.10312556,0.0
16352,3.4102044,173058.908256513,-0.011993591,0.0,0.2672532005,0.2515295941938009,1.022288373,0.9546283512068001,,1,rpt_0.05C,13,2,1,-0.10251259,-1.9892865e-14
16353,3.4074137,173144.83403306614,-0.011998086,0.0,0.26725320050000007,0.2518156561449026,1.022288373,0.9556034888954406,,1,rpt_0.05C,13,2,1,-0.0947899,1.9892865e-14
16354,3.4046233,173224.2868261523,-0.011970703,0.0,0.2672532005,0.2520801678904669,1.022288373,0.9565044226352151,,1,rpt_0.05C,13,2,1,-0.08813581,0.0
16355,3.4018328,173298.1623808331,-0.011970703,0.0,0.2672532005,0.2523261113531505,1.022288373,0.9573414138623537,,1,rpt_0.05C,13,2,1,-0.08399773,0.0
16356,3.3990424,173368.5690468437,-0.011970703,0.0,0.2672532005,0.2525605074789711,1.022288373,0.9581384856884041,,1,rpt_0.05C,13,2,1,-0.08215864,0.0
16357,3.3962517,173437.433494489,-0.011970703,0.0,0.2672532005,0.25278977162078287,1.022288373,0.958917463524853,,1,rpt_0.05C,13,2,1,-0.0809166,0.0
16358,3.3934612,173505.25757027214,-0.011970703,0.0,0.2672532005,0.25301556984376616,1.022288373,0.9596840290387162,,1,rpt_0.05C,13,2,1,-0.07875625,0.0
16359,3.3906708,173571.27089723563,-0.011979483,0.0,0.2672532005,0.2532353396019863,1.0222883729999999,0.9604295080287155,,1,rpt_0.05C,13,2,1,-0.07648551,0.0
16360,3.3878803,173635.3810419276,-0.011987946,0.0,0.2672532005,0.25344877283676454,1.0222883730000003,0.9611528940874504,,1,rpt_0.05C,13,2,1,-0.072175525,0.0
16361,3.3850899,173695.87937308825,-0.011993591,0.0,0.2672532005,0.25365017904692305,1.022288373,0.9618349559681991,,1,rpt_0.05C,13,2,1,-0.071229614,1.9892865e-14
16362,3.3822992,173755.58441213623,-0.011976193,0.0,0.26725320049999995,0.25384894567286925,1.0222883729999999,0.9625075280640224,,1,rpt_0.05C,13,2,1,-0.06978282,-1.9892865e-14
16363,3.3795087,173814.07650968604,-0.011993591,0.0,0.2672532005,0.2540436750270817,1.022288373,0.9631659002609984,,1,rpt_0.05C,13,2,1,-0.07007172,0.0
16364,3.3767183,173872.8104296092,-0.011993591,0.0,0.2672532005,0.2542392105382697,1.022288373,0.9638264471057945,,1,rpt_0.05C,13,2,1,-0.06801645,0.0
16365,3.3739278,173929.82190523908,-0.011970703,0.0,0.2672532005,0.25442901080202024,1.022288373,0.9644670865343692,,1,rpt_0.05C,13,2,1,-0.06826062,0.0
16366,3.3711371,173987.03757139278,-0.011982713,0.0,0.2672532005,0.25461949242647897,1.022288373,0.9651094877851056,,1,rpt_0.05C,13,2,1,-0.06366265,0.0
16367,3.3683467,174040.39995166712,-0.011987777,0.0,0.2672532005,0.25479714338909176,1.022288373,0.9657081249572679,,1,rpt_0.05C,13,2,1,-0.06360473,0.0
16368,3.3655562,174093.71335778703,-0.011970703,0.0,0.2672532005,0.25497463272229975,1.022288373,0.9663057411730464,,1,rpt_0.05C,13,2,1,-0.0669479,0.0
16369,3.3627658,174149.82844063127,-0.011950066,0.0,0.2672532005,0.25516145120951844,1.022288373,0.9669342174371758,,1,rpt_0.05C,13,2,1,-0.059665125,0.0
16370,3.359975,174199.8401762736,-0.011957686,0.0,0.2672532005,0.2553279470682483,1.0222883729999999,0.967493856165743,,1,rpt_0.05C,13,2,1,-0.06264718,0.0
16371,3.3571846,174252.3507383517,-0.011970703,0.0,0.2672532005,0.25550276436407127,1.022288373,0.9680810029005971,,1,rpt_0.05C,13,2,1,-0.061793026,-1.9892865e-14
16372,3.3543942,174304.14600880333,-0.011993591,0.0,0.26725320050000007,0.2556751981391009,1.0222883730000003,0.968659671033301,,1,rpt_0.05C,13,2,1,-0.05881171,1.9892865e-14
16373,3.3516037,174353.44220972084,-0.012009355,0.0,0.2672532005,0.25583931253324016,1.022288373,0.9692099419942846,,1,rpt_0.05C,13,2,1,-0.06174327,0.0
16374,3.3488133,174405.19523957005,-0.011984118,0.0,0.2672532005,0.2560116074706622,1.022288373,0.9697871720463718,,1,rpt_0.05C,13,2,1,-0.05629331,1.9892865e-14
16375,3.3460226,174452.38027868237,-0.011970703,0.0,0.26725320049999995,0.25616869425578376,1.022288373,0.9703130450533242,,1,rpt_0.05C,13,2,1,-0.062001567,-1.9892865e-14
16376,3.3432322,174504.3499210922,-0.011977134,0.0,0.2672532005,0.2563417099747038,1.022288373,0.9708917190295401,,1,rpt_0.05C,13,2,1,-0.05803605,0.0
16377,3.3404417,174552.99519669774,-0.011985797,0.0,0.2672532005,0.2565036598987955,1.022288373,0.9714329289747479,,1,rpt_0.05C,13,2,1,-0.055528775,0.0
16378,3.3376513,174599.5392059118,-0.011991118,0.0,0.2672532005,0.25665861325634814,1.022288373,0.9719503474746737,,1,rpt_0.05C,13,2,1,-0.059855472,0.0
16379,3.3348606,174649.71037433564,-0.0119965365,0.0,0.2672532005,0.25682564028145777,1.022288373,0.9725075812246267,,1,rpt_0.05C,13,2,1,-0.05647434,0.0
16380,3.33207,174697.0468011022,-0.011970703,0.0,0.2672532005,0.2569832322351121,1.022288373,0.973032907914956,,1,rpt_0.05C,13,2,1,-0.05236299,0.0
16381,3.3292797,174740.93765781564,-0.011970703,0.0,0.2672532005,0.25712935144546584,1.022288373,0.9735195704396339,,1,rpt_0.05C,13,2,1,-0.053955477,0.0
16382,3.3264892,174786.1638693011,-0.011950396,0.0,0.2672532005,0.2572799144972042,1.022288373,0.974020649103267,,1,rpt_0.05C,13,2,1,-0.054545265,0.0
16383,3.3236988,174831.8835117109,-0.011985278,0.0,0.2672532005,0.2574321233569366,1.022288373,0.9745267578024598,,1,rpt_0.05C,13,2,1,-0.055745605,0.0
16384,3.320908,174878.6094992685,-0.011956709,0.0,0.2672532005,0.25758768177180635,1.022288373,0.9750435778408274,,1,rpt_0.05C,13,2,1,-0.051454715,0.0
16385,3.3181176,174921.7389756436,-0.011993591,0.0,0.2672532005,0.257731266441798,1.022288373,0.9755202012860547,,1,rpt_0.05C,13,2,1,-0.051836196,0.0
16386,3.3153272,174965.18819138274,-0.011951489,0.0,0.2672532005,0.25787591563034196,1.022288373,0.9759999822095878,,1,rpt_0.05C,13,2,1,-0.051614977,0.0
16387,3.3125367,175008.45216163096,-0.0119816335,0.0,0.2672532005,0.25801994751120993,1.022288373,0.9764772847403284,,1,rpt_0.05C,13,2,1,-0.053102132,0.0
16388,3.309746,175052.9626007785,-0.011993591,0.0,0.2672532005,0.25816812930842503,1.022288373,0.9769679613218326,,1,rpt_0.05C,13,2,1,-0.050940245,0.0
16389,3.3069556,175095.66076152306,-0.012003418,0.0,0.2672532005,0.2583102783442886,1.022288373,0.9774382146432365,,1,rpt_0.05C,13,2,1,-0.04893779,0.0
16390,3.3041651,175136.68056309473,-0.011998245,0.0,0.2672532005,0.25844683951896386,1.022288373,0.9778896383686516,,1,rpt_0.05C,13,2,1,-0.05058724,0.0
16391,3.3013747,175179.082432991,-0.011980319,0.0,0.2672532005,0.25858800349184874,1.022288373,0.9783558761210163,,1,rpt_0.05C,13,2,1,-0.048970476,0.0
16392,3.298584,175220.12958166332,-0.011990006,0.0,0.2672532005,0.25872465587063476,1.022288373,0.9788068204323308,,1,rpt_0.05C,13,2,1,-0.049602374,0.0
16393,3.2957935,175261.70633183036,-0.012014842,0.0,0.2672532005,0.25886307157256067,1.0222883730000003,0.9792632260337395,,1,rpt_0.05C,13,2,1,-0.047159,0.0
16394,3.293003,175301.23490286127,-0.011977153,0.0,0.2672532005,0.2589946690271286,1.022288373,0.9796967408822368,,1,rpt_0.05C,13,2,1,-0.047670882,0.0
16395,3.2902126,175341.19263553893,-0.011993591,0.0,0.2672532005,0.25912769488486076,1.022288373,0.980134608911773,,1,rpt_0.05C,13,2,1,-0.04674943,0.0
16396,3.2874222,175380.37782034776,-0.011972535,0.0,0.2672532005,0.25925814942755987,1.022288373,0.9805636680784752,,1,rpt_0.05C,13,2,1,-0.046752524,0.0
16397,3.2846315,175419.56581717008,-0.0119884135,0.0,0.2672532005,0.2593886126068062,1.022288373,0.9809923621760377,,1,rpt_0.05C,13,2,1,-0.045482572,0.0
16398,3.281841,175457.68914328658,-0.011970703,0.0,0.2672532005,0.25951553197194965,1.0222883730000003,0.9814090618068178,,1,rpt_0.05C,13,2,1,-0.04546725,0.0
16399,3.2790506,175495.7994898726,-0.012005828,0.0,0.2672532005,0.2596424085856838,1.022288373,0.9818252852065608,,1,rpt_0.05C,13,2,1,-0.046662208,0.0
16400,3.2762601,175534.9116253196,-0.012013227,0.0,0.2672532005,0.2597726197354357,1.022288373,0.9822520853277501,,1,rpt_0.05C,13,2,1,-0.04369856,0.0
16401,3.2734694,175571.53942966321,-0.011977386,0.0,0.2672532005,0.2598945608092728,1.022288373,0.9826514095953729,,1,rpt_0.05C,13,2,1,-0.04222457,0.0
16402,3.270679,175606.93236499786,-0.011982793,0.0,0.2672532005,0.2600123887044089,1.022288373,0.9830369579719886,,1,rpt_0.05C,13,2,1,-0.04675265,0.0
16403,3.2678885,175646.12062992054,-0.011970703,0.0,0.2672532005,0.2601428522359021,1.0222883729999999,0.9834634969521775,,1,rpt_0.05C,13,2,1,-0.042997334,0.0
16404,3.265098,175682.16093727775,-0.011948287,0.0,0.2672532005,0.2602628365328935,1.022288373,0.9838554379265669,,1,rpt_0.05C,13,2,1,-0.04296753,0.0
16405,3.2623074,175718.17637798324,-0.011997708,0.0,0.2672532005,0.260382737667618,1.022288373,0.9842467387980575,,1,rpt_0.05C,13,2,1,-0.03966815,0.0
16406,3.259517,175751.42620823884,-0.012009883,0.0,0.2672532005,0.26049343186302726,1.022288373,0.9846076960235914,,1,rpt_0.05C,13,2,1,-0.042200387,0.0
16407,3.2567265,175786.79891282564,-0.011993591,0.0,0.2672532005,0.26061119227766033,1.022288373,0.9849913775687738,,1,rpt_0.05C,13,2,1,-0.043292403,0.0
16408,3.253936,175823.08628052982,-0.011993591,0.0,0.2672532005,0.26073199996913987,1.0222883730000003,0.9853846493429541,,1,rpt_0.05C,13,2,1,-0.039182834,0.0
16409,3.2511456,175855.92918808202,-0.011993591,0.0,0.2672532005,0.2608413398824871,1.022288373,0.9857402846897331,,1,rpt_0.05C,13,2,1,-0.03942141,0.0
16410,3.248355,175888.97223674622,-0.011993591,0.0,0.2672532005,0.26095134554688604,1.022288373,0.9860977907721421,,1,rpt_0.05C,13,2,1,-0.041794185,0.0
16411,3.2455645,175924.0039773665,-0.011993591,0.0,0.2672532005,0.2610679724491288,1.022288373,0.9864764849223329,,1,rpt_0.05C,13,2,1,-0.038502265,0.0
16412,3.242774,175956.27634477115,-0.011990923,0.0,0.2672532005,0.2611754132310121,1.0222883729999999,0.9868250329836668,,1,rpt_0.05C,13,2,1,-0.038929906,0.0
16413,3.2399836,175988.90700987913,-0.011966028,0.0,0.2672532005,0.26128404734340643,1.022288373,0.9871771530612087,,1,rpt_0.05C,13,2,1,-0.04017822,0.0
16414,3.2371929,176022.58399217553,-0.011962774,0.0,0.2672532005,0.26139616488931094,1.0222883730000003,0.9875402483961266,,1,rpt_0.05C,13,2,1,-0.038090598,0.0
16415,3.2344024,176054.51163290866,-0.01198464,0.0,0.2672532005,0.2615024569137489,1.022288373,0.9878841840630922,,1,rpt_0.05C,13,2,1,-0.037861023,0.0
16416,3.231612,176086.24701675412,-0.011980977,0.0,0.2672532005,0.26160810830860703,1.022288373,0.9882257552005235,,1,rpt_0.05C,13,2,1,-0.03745919,0.0
16417,3.2288215,176117.64527742984,-0.011982249,0.0,0.2672532005,0.2617126383843139,1.022288373,0.9885634116230841,,1,rpt_0.05C,13,2,1,-0.03743864,0.0
16418,3.226031,176149.026195175,-0.011970703,0.0,0.2672532005,0.2618171111080528,1.0222883729999999,0.9889005909303517,,1,rpt_0.05C,13,2,1,-0.037273366,0.0
16419,3.2232404,176180.26886314293,-0.011984046,0.0,0.2672532005,0.26192112264065887,1.022288373,0.9892359888800861,,1,rpt_0.05C,13,2,1,-0.035783585,0.0
16420,3.22045,176210.26298624277,-0.011980252,0.0,0.2672532005,0.26202097693399035,1.0222883730000003,0.9895577023102402,,1,rpt_0.05C,13,2,1,-0.03594878,0.0
16421,3.2176595,176240.39505302272,-0.011970703,0.0,0.2672532005,0.26212129220425795,1.0222883730000003,0.9898806243686092,,1,rpt_0.05C,13,2,1,-0.03636375,0.0
16422,3.214869,176270.87481462926,-0.0119983135,0.0,0.2672532005,0.2622227654552835,1.022288373,0.990206987684819,,1,rpt_0.05C,13,2,1,-0.035195064,0.0
16423,3.2120783,176300.37551996025,-0.01201648,0.0,0.2672532005,0.26232097748010663,1.0222883730000003,0.9905225849740517,,1,rpt_0.05C,13,2,1,-0.034447905,0.0
16424,3.209288,176329.2500634822,-0.0120039135,0.0,0.2672532005,0.2624171045471412,1.022288373,0.9908312143775773,,1,rpt_0.05C,13,2,1,-0.033980027,0.0
16425,3.2064974,176357.7321494913,-0.011982183,0.0,0.2672532005,0.2625119259970434,1.0222883729999999,0.991135390741832,,1,rpt_0.05C,13,2,1,-0.033977233,0.0
16426,3.203707,176386.2117170525,-0.01198095,0.0,0.2672532005,0.2626067396485493,1.022288373,0.9914392826141416,,1,rpt_0.05C,13,2,1,-0.034073286,0.0
16427,3.2009163,176414.77170938032,-0.011993591,0.0,0.2672532005,0.26270182133884123,1.022288373,0.9917437684588872,,1,rpt_0.05C,13,2,1,-0.03356637,0.0
16428,3.1981258,176442.9068739402,-0.0119858645,0.0,0.2672532005,0.262795488482378,1.022288373,0.9920434618639429,,1,rpt_0.05C,13,2,1,-0.03331866,0.0
16429,3.1953354,176470.83485825176,-0.011976848,0.0,0.2672532005,0.2628884643943583,1.022288373,0.9923406851136829,,1,rpt_0.05C,13,2,1,-0.032564774,0.0
16430,3.192545,176498.1311504717,-0.011989508,0.0,0.2672532005,0.2629793365788017,1.022288373,0.9926309328650607,,1,rpt_0.05C,13,2,1,-0.03199205,0.0
16431,3.1897545,176524.9467146794,-0.011972356,0.0,0.2672532005,0.2630686105759539,1.022288373,0.992915832875208,,1,rpt_0.05C,13,2,1,-0.032727137,0.0
16432,3.1869638,176552.37850012525,-0.011993284,0.0,0.2672532005,0.2631599358359853,1.022288373,0.9932070199975661,,1,rpt_0.05C,13,2,1,-0.031191051,0.0
16433,3.1841733,176578.5231291154,-0.012013232,0.0,0.2672532005,0.2632469746376215,1.022288373,0.9934842707938034,,1,rpt_0.05C,13,2,1,-0.030562034,0.0
16434,3.181383,176604.14006606236,-0.011983886,0.0,0.2672532005,0.2633322581607346,1.022288373,0.9937556990734597,,1,rpt_0.05C,13,2,1,-0.030921767,0.0
16435,3.1785924,176630.05857768958,-0.011983885,0.0,0.2672532005,0.2634185455224868,1.0222883729999999,0.9940300913914989,,1,rpt_0.05C,13,2,1,-0.031167736,0.0
16436,3.1758018,176656.18314110365,-0.011983365,0.0,0.2672532005,0.2635055192607479,1.022288373,0.9943064281178697,,1,rpt_0.05C,13,2,1,-0.030904735,0.0
16437,3.1730113,176682.087054516,-0.011956501,0.0,0.2672532005,0.2635917590940828,1.0222883729999999,0.9945801932945418,,1,rpt_0.05C,13,2,1,-0.029954283,0.0
16438,3.1702209,176707.19435663882,-0.011935029,0.0,0.2672532005,0.2636753466848331,1.022288373,0.9948453119718382,,1,rpt_0.05C,13,2,1,-0.027852716,0.0
16439,3.1674304,176730.5405570183,-0.011988465,0.0,0.2672532005,0.2637530698434678,1.0222883730000003,0.9950916186659785,,1,rpt_0.05C,13,2,1,-0.030194748,0.0
16440,3.1646397,176755.85017669058,-0.01197599,0.0,0.2672532005,0.2638373284559224,1.022288373,0.9953583761783991,,1,rpt_0.05C,13,2,1,-0.029456662,0.0
16441,3.1618493,176780.54074473784,-0.011984253,0.0,0.2672532005,0.2639195274345713,1.022288373,0.9956183852650748,,1,rpt_0.05C,13,2,1,-0.028473202,0.0
16442,3.1590588,176804.40695070993,-0.011993591,0.0,0.2672532005,0.26399898206295597,1.022288373,0.9958695011394669,,1,rpt_0.05C,13,2,1,-0.027981592,0.0
16443,3.1562684,176827.86126306962,-0.011997468,0.0,0.2672532005,0.2640770648514479,1.022288373,0.9961160812501577,,1,rpt_0.05C,13,2,1,-0.028457925,0.0
16444,3.153478,176851.7149895443,-0.012015668,0.0,0.2672532005,0.26415647684884175,1.022288373,0.9963666396798738,,1,rpt_0.05C,13,2,1,-0.027325433,0.0
16445,3.1506872,176874.61918618486,-0.011983155,0.0,0.2672532005,0.2642327286178765,1.022288373,0.9966069689196401,,1,rpt_0.05C,13,2,1,-0.028865518,0.0
16446,3.1478968,176898.81414200037,-0.011970703,0.0,0.2672532005,0.2643132780052062,1.022288373,0.9968606391097391,,1,rpt_0.05C,13,2,1,-0.028180288,0.0
16447,3.1451063,176922.4346004509,-0.011985434,0.0,0.2672532005,0.26439191525673117,1.022288373,0.9971080741389882,,1,rpt_0.05C,13,2,1,-0.026220921,-1.9892865e-14
16448,3.1423159,176944.41268245675,-0.012013989,0.0,0.26725320050000007,0.2644650848849359,1.022288373,0.9973381253876185,,1,rpt_0.05C,13,2,1,-0.026715523,0.0
16449,3.1395252,176966.8059766983,-0.011979818,0.0,0.26725320050000007,0.2645396346993727,1.022288373,0.9975722595205814,,1,rpt_0.05C,13,2,1,-0.02594767,1.9892865e-14
16450,3.1367347,176988.5553779618,-0.011982738,0.0,0.2672532005,0.2646120418150491,1.022288373,0.9977994655754387,,1,rpt_0.05C,13,2,1,-0.02584172,0.0
16451,3.1339443,177010.21584913717,-0.011993591,0.0,0.2672532005,0.26468415328023054,1.022288373,0.9980255740312681,,1,rpt_0.05C,13,2,1,-0.0261801,0.0
16452,3.1311538,177032.15990599038,-0.011993591,0.0,0.2672532005,0.264757208995425,1.022288373,0.9982544591755758,,1,rpt_0.05C,13,2,1,-0.02474132,0.0
16453,3.1283634,177052.89820338791,-0.011978242,0.0,0.2672532005,0.26482624978268754,1.022288373,0.9984705018118472,,1,rpt_0.05C,13,2,1,-0.0246997,0.0
16454,3.1255727,177073.6014376867,-0.011978959,0.0,0.2672532005,0.26489517443034655,1.022288373,0.9986860295559077,,1,rpt_0.05C,13,2,1,-0.024699893,0.0
16455,3.1227822,177094.30467198548,-0.0119924275,0.0,0.2672532005,0.2649640996176451,1.022288373,0.9989014076278836,,1,rpt_0.05C,13,2,1,-0.024699802,0.0
16456,3.1199918,177115.00790628427,-0.011976632,0.0,0.2672532005,0.2650330245492295,1.022288373,0.9991165276203395,,1,rpt_0.05C,13,2,1,-0.025303572,0.0
16457,3.1172013,177136.21742076398,-0.011980955,0.0,0.2672532005,0.26510363431017075,1.0222883730000003,0.9993367232027772,,1,rpt_0.05C,13,2,1,-0.025045047,0.0
16458,3.1144106,177157.21031787258,-0.011990211,0.0,0.2672532005,0.26517352265181643,1.022288373,0.9995545028533068,,1,rpt_0.05C,13,2,1,-0.022966322,0.0
16459,3.1116202,177176.4606936241,-0.011975524,0.0,0.2672532005,0.2652376102969212,1.022288373,0.9997539961014176,,1,rpt_0.05C,13,2,1,-0.023527198,0.0
16460,3.1088297,177196.18129008013,-0.011970703,0.0,0.2672532005,0.2653032630708575,1.022288373,0.9999581740424202,,1,rpt_0.05C,13,2,1,-0.023530286,0.0
16461,3.1060393,177215.90444698717,-0.011973087,0.0,0.2672532005,0.2653689244609839,1.022288373,1.0001622456096568,,1,rpt_0.05C,13,2,1,-0.022188157,0.0
16462,3.1032486,177234.50226762847,-0.011987275,0.0,0.2672532005,0.26543084063542655,1.022288373,1.0003544525981587,,1,rpt_0.05C,13,2,1,-0.022846935,0.0
16463,3.1004581,177253.65234342575,-0.011993591,0.0,0.2672532005,0.26549459513325074,1.022288373,1.0005522080371336,,1,rpt_0.05C,13,2,1,-0.02334714,0.0
16464,3.0976677,177273.2217436568,-0.011993591,0.0,0.2672532005,0.2655597454544547,1.022288373,1.0007541633892552,,1,rpt_0.05C,13,2,1,-0.022188067,0.0
16465,3.0948772,177291.8195642981,-0.011993591,0.0,0.2672532005,0.2656216613809264,1.022288373,1.000945823229874,,1,rpt_0.05C,13,2,1,-0.021889295,0.0
16466,3.0920868,177310.1669788758,-0.011993591,0.0,0.2672532005,0.2656827435808268,1.022288373,1.001134790351842,,1,rpt_0.05C,13,2,1,-0.021460526,0.0
16467,3.089296,177328.15503490585,-0.011993591,0.0,0.2672532005,0.26574262929704173,1.022288373,1.0013198931446092,,1,rpt_0.05C,13,2,1,-0.021459166,0.0
16468,3.0865057,177346.14240638647,-0.011993591,0.0,0.2672532005,0.2658025112198531,1.022288373,1.0015047772326282,,1,rpt_0.05C,13,2,1,-0.02143282,0.0
16469,3.0837152,177364.10784217628,-0.011992577,0.0,0.2672532005,0.26586231962381524,1.022288373,1.0016893419469886,,1,rpt_0.05C,13,2,1,-0.021113819,0.0
16470,3.0809247,177381.8057682704,-0.011979075,0.0,0.2672532005,0.26592123784856825,1.022288373,1.0018709024930785,,1,rpt_0.05C,13,2,1,-0.020863404,0.0
16471,3.078134,177399.29357891565,-0.011965733,0.0,0.2672532005,0.2659794572937737,1.022288373,1.0020502055349727,,1,rpt_0.05C,13,2,1,-0.020454686,0.0
16472,3.0753436,177416.43844481933,-0.011952653,0.0,0.2672532005,0.2660365362099384,1.022288373,1.0022258239396964,,1,rpt_0.05C,13,2,1,-0.020255748,0.0
16473,3.0725532,177433.4165945679,-0.0119640445,0.0,0.2672532005,0.2660930599860908,1.022288373,1.002399561224442,,1,rpt_0.05C,13,2,1,-0.02013897,0.0
16474,3.0697627,177450.2968817516,-0.011989802,0.0,0.2672532005,0.26614925789445026,1.022288373,1.0025721942897081,,1,rpt_0.05C,13,2,1,-0.020139676,0.0
16475,3.066972,177467.17786110681,-0.011982606,0.0,0.2672532005,0.2662054577712396,1.022288373,1.002744595381259,,1,rpt_0.05C,13,2,1,-0.020069586,0.0
16476,3.0641816,177484.00011477122,-0.011970703,0.0,0.2672532005,0.26626146206192697,1.022288373,1.0029163351353019,,1,rpt_0.05C,13,2,1,-0.01921307,0.0
16477,3.061391,177500.10451244912,-0.011970703,0.0,0.2672532005,0.2663150762396816,1.0222883729999999,1.0030804952520724,,1,rpt_0.05C,13,2,1,-0.019114267,0.0
16478,3.0586007,177516.1260196279,-0.011967261,0.0,0.2672532005,0.26636841470794825,1.022288373,1.0032437398465306,,1,rpt_0.05C,13,2,1,-0.01884887,0.0
16479,3.0558102,177531.92487163807,-0.011954579,0.0,0.2672532005,0.26642101258298445,1.022288373,1.0034045252233832,,1,rpt_0.05C,13,2,1,-0.018608393,0.0
16480,3.0530195,177547.52228823787,-0.011959477,0.0,0.2672532005,0.2664729394068302,1.022288373,1.0035631388052,,1,rpt_0.05C,13,2,1,-0.018333627,0.0
16481,3.050229,177562.88954714933,-0.0119844675,0.0,0.2672532005,0.2665240994956196,1.022288373,1.0037192709200093,,1,rpt_0.05C,13,2,1,-0.018317219,0.0
16482,3.0474386,177578.242942038,-0.012001524,0.0,0.2672532005,0.2665752137984737,1.022288373,1.0038750973331156,,1,rpt_0.05C,13,2,1,-0.018307785,0.0
16483,3.0446482,177593.58836470233,-0.012014019,0.0,0.2672532005,0.266626301773057,1.022288373,1.0040307479586756,,1,rpt_0.05C,13,2,1,-0.018084273,0.0
16484,3.0418575,177608.74666475848,-0.011996106,0.0,0.2672532005,0.2666767660348405,1.022288373,1.0041842911897603,,1,rpt_0.05C,13,2,1,-0.01802947,0.0
16485,3.039067,177623.85908474048,-0.011970738,0.0,0.2672532005,0.2667270773702096,1.022288373,1.0043373177146289,,1,rpt_0.05C,13,2,1,-0.017124048,0.0
16486,3.0362766,177638.21265368862,-0.011970703,0.0,0.2672532005,0.26677486211962076,1.022288373,1.0044824192368915,,1,rpt_0.05C,13,2,1,-0.017143482,0.0
16487,3.0334861,177652.58250932547,-0.011973164,0.0,0.2672532005,0.266822701104127,1.022288373,1.004627638716777,,1,rpt_0.05C,13,2,1,-0.017229414,0.0
16488,3.0306957,177667.02437455213,-0.011985848,0.0,0.2672532005,0.2668707798800851,1.0222883729999999,1.0047733937126277,,1,rpt_0.05C,13,2,1,-0.016954193,0.0
16489,3.027905,177681.23552147765,-0.011988723,0.0,0.2672532005,0.26691809065024275,1.022288373,1.004916729715383,,1,rpt_0.05C,13,2,1,-0.016522955,0.0
16490,3.0251145,177695.08516121423,-0.011976228,0.0,0.2672532005,0.26696419804981086,1.022288373,1.005056275453604,,1,rpt_0.05C,13,2,1,-0.01654414,0.0
16491,3.022324,177708.95256508852,-0.011963628,0.0,0.2672532005,0.26701036456552096,1.022288373,1.0051958695122432,,1,rpt_0.05C,13,2,1,-0.016560938,0.0
16492,3.0195336,177722.83405378915,-0.011950945,0.0,0.2672532005,0.2670565779532271,1.022288373,1.0053355018831667,,1,rpt_0.05C,13,2,1,-0.0162628,0.0
16493,3.016743,177736.46559353083,-0.011947814,0.0,0.2672532005,0.2671019593861391,1.022288373,1.0054724481293837,,1,rpt_0.05C,13,2,1,-0.01616511,0.0
16494,3.0139525,177750.01523300863,-0.011947814,0.0,0.2672532005,0.26714706821412637,1.022288373,1.0056085142186153,,1,rpt_0.05C,13,2,1,-0.015487791,0.0
16495,3.011162,177762.99704989808,-0.011959848,0.0,0.2672532005,0.2671902869815368,1.022288373,1.005738674059133,,1,rpt_0.05C,13,2,1,-0.01547873,0.0
16496,3.0083716,177775.97127049515,-0.011974362,0.0,0.2672532005,0.2672334804640159,1.022288373,1.005868714531667,,1,rpt_0.05C,13,2,1,-0.015642146,0.0
16497,3.005581,177789.08248896446,-0.011999729,0.0,0.2672532005,0.26727712996015435,1.022288373,1.0059999405944413,,1,rpt_0.05C,13,2,1,-0.0153593365,0.0
16498,3.0027905,177801.95665055877,-0.012010676,0.0,0.2672532005,0.26731999027263176,1.022288373,1.0061287325823713,,1,rpt_0.05C,13,2,1,-0.014809584,0.0
16499,3.0,177814.37,-0.011993591,0.0,0.2672532005,0.2673613165,1.022288373,1.006252793,,1,rpt_0.05C,13,2,1,,
