,SOC_aligned,Voltage_aligned
0,100.0,4.644282753002545
1,99.9,4.619597262499056
2,99.8,4.615997092367541
3,99.7,4.612788706185309
4,99.6,4.609868451988579
5,99.5,4.607264977996262
6,99.4,4.604728331124943
7,99.3,4.602190260120355
8,99.2,4.599611613915835
9,99.1,4.5972305097027455
10,99.0,4.594899854376554
11,98.9,4.592478679117059
12,98.8,4.590295305499877
13,98.7,4.5879851039365125
14,98.6,4.5857985536012755
15,98.5,4.583415328499451
16,98.4,4.581066551693355
17,98.3,4.5788981923145045
18,98.2,4.576682926530454
19,98.1,4.574394079398179
20,98.0,4.57209658792152
21,97.9,4.569848804322095
22,97.8,4.5675310788092975
23,97.7,4.565277664104615
24,97.6,4.56295123475805
25,97.5,4.560707107162658
26,97.4,4.558457642845629
27,97.3,4.556290078208073
28,97.2,4.5539617444143
29,97.1,4.551675059663522
30,97.0,4.549317972508885
31,96.9,4.547026841333307
32,96.8,4.544735698012217
33,96.7,4.5424659723607785
34,96.6,4.540155891495375
35,96.5,4.537873772995073
36,96.4,4.535505112170154
37,96.3,4.533261705224453
38,96.2,4.530921428047499
39,96.1,4.528572376715241
40,96.0,4.526338844430792
41,95.9,4.523996688746195
42,95.8,4.521528456160011
43,95.7,4.519272517767915
44,95.6,4.517038937592861
45,95.5,4.514651583713127
46,95.4,4.512232590730941
47,95.3,4.509952895317318
48,95.2,4.507701217808617
49,95.1,4.505452907880201
50,95.0,4.503100800583919
51,94.9,4.500666337364585
52,94.8,4.498387127735681
53,94.7,4.496058712703828
54,94.6,4.4937460497407855
55,94.5,4.491353266015664
56,94.4,4.4890315303696795
57,94.3,4.486739975652674
58,94.2,4.484451760387658
59,94.1,4.482207286520722
60,94.0,4.479881271780236
61,93.9,4.477484386495698
62,93.8,4.475176245119453
63,93.7,4.472980990719088
64,93.6,4.470561565627468
65,93.5,4.468303152794076
66,93.4,4.466038630695104
67,93.3,4.463696088014215
68,93.2,4.461400719145003
69,93.1,4.4591742987991
70,93.0,4.456918719978399
71,92.9,4.454610917121057
72,92.8,4.452419691476232
73,92.7,4.450180276410317
74,92.6,4.447847866257609
75,92.5,4.445616134565941
76,92.4,4.443388842401438
77,92.3,4.441188167477443
78,92.2,4.439008548541364
79,92.1,4.436688642996679
80,92.0,4.434589194776305
81,91.9,4.432404594986174
82,91.8,4.430276951381081
83,91.7,4.428113341668546
84,91.6,4.42587046528178
85,91.5,4.423657089083328
86,91.4,4.421635661048184
87,91.3,4.419475903023897
88,91.2,4.417325388558411
89,91.1,4.4151496729067805
90,91.0,4.413113304947271
91,90.9,4.4109754319881285
92,90.8,4.408947122411938
93,90.7,4.406784366500537
94,90.6,4.404776581307386
95,90.5,4.40274105475754
96,90.4,4.400610457699655
97,90.3,4.398641057440459
98,90.2,4.396591236996455
99,90.1,4.394719454235837
100,90.0,4.392560214792394
101,89.9,4.390559233100368
102,89.8,4.388585550331173
103,89.7,4.386619537693007
104,89.6,4.384824109454659
105,89.5,4.382715139198685
106,89.4,4.380751392989332
107,89.3,4.378818773231328
108,89.2,4.377026971437348
109,89.1,4.375096673595294
110,89.0,4.373147497193702
111,88.9,4.3712818046952355
112,88.8,4.36945779451911
113,88.7,4.367575982182384
114,88.6,4.365675969741191
115,88.5,4.363908832775739
116,88.4,4.362008522699223
117,88.3,4.360162281811312
118,88.2,4.358322895814341
119,88.1,4.356547620063727
120,88.0,4.354756056965098
121,87.9,4.352959300547771
122,87.8,4.351236699458602
123,87.7,4.349384304056241
124,87.6,4.34762810673042
125,87.5,4.345964683692127
126,87.4,4.344203881249658
127,87.3,4.342460759112293
128,87.2,4.340772709080501
129,87.1,4.339030283819434
130,87.0,4.337379003258255
131,86.9,4.335588793107018
132,86.8,4.333834771297789
133,86.7,4.332301869296183
134,86.6,4.330610817271739
135,86.5,4.328957775437726
136,86.4,4.327272615110099
137,86.3,4.325679981937639
138,86.2,4.32396485743391
139,86.1,4.322250443840066
140,86.0,4.320608527899546
141,85.9,4.319089442118003
142,85.8,4.31740032218179
143,85.7,4.3158559826181655
144,85.6,4.3141381772760985
145,85.5,4.312622629040458
146,85.4,4.310971702771812
147,85.3,4.309383211394947
148,85.2,4.3078142832170805
149,85.1,4.306250645938538
150,85.0,4.304588464441738
151,84.9,4.303076672581751
152,84.8,4.301435692157446
153,84.7,4.300029272180538
154,84.6,4.298305979748959
155,84.5,4.296841447130609
156,84.4,4.295236528054252
157,84.3,4.29366119469324
158,84.2,4.292083344484569
159,84.1,4.2905379990193175
160,84.0,4.2890079231916
161,83.9,4.287499832846257
162,83.8,4.2859651090229045
163,83.7,4.284457910195745
164,83.6,4.282915825575474
165,83.5,4.281336924464801
166,83.4,4.279724549116485
167,83.3,4.278296023437899
168,83.2,4.276806287278401
169,83.1,4.27529225691429
170,83.0,4.273746624235641
171,82.9,4.27229035064021
172,82.8,4.270761905071367
173,82.7,4.269176871577233
174,82.6,4.267702383053439
175,82.5,4.266191322690372
176,82.4,4.264641464742779
177,82.3,4.263108660085496
178,82.2,4.261641649256603
179,82.1,4.260063303577705
180,82.0,4.258544393330451
181,81.9,4.257057615234176
182,81.8,4.255571713652952
183,81.7,4.254020255265665
184,81.6,4.252457238881637
185,81.5,4.251010902396269
186,81.4,4.249461722223626
187,81.3,4.248046503422478
188,81.2,4.24654741605245
189,81.1,4.245013761759373
190,81.0,4.243549435446147
191,80.9,4.242077583022205
192,80.8,4.240504679197777
193,80.7,4.2389681879491485
194,80.6,4.23751185303807
195,80.5,4.235931189226639
196,80.4,4.234473452618728
197,80.3,4.232841223066593
198,80.2,4.231461945310736
199,80.1,4.230023003676682
200,80.0,4.228419097113205
201,79.9,4.226988515149809
202,79.8,4.225513573007639
203,79.7,4.2241498397290105
204,79.6,4.222461985716134
205,79.5,4.2210026578488575
206,79.4,4.219546057458503
207,79.3,4.218004590399937
208,79.2,4.216490643165997
209,79.1,4.215001048221452
210,79.0,4.213486528005192
211,78.9,4.212055930094076
212,78.8,4.210505921798579
213,78.7,4.209088965614212
214,78.6,4.207470497694568
215,78.5,4.2059700748175075
216,78.4,4.204554248813771
217,78.3,4.2029371455136575
218,78.2,4.2015204820404115
219,78.1,4.200077917242298
220,78.0,4.1986227045368905
221,77.9,4.197124756381552
222,77.8,4.195683572516139
223,77.7,4.194106832754545
224,77.6,4.1926728611966
225,77.5,4.1911345181837625
226,77.4,4.189739930922878
227,77.3,4.188191433440124
228,77.2,4.186748027792675
229,77.1,4.185115605855568
230,77.0,4.183749886634597
231,76.9,4.18227839281498
232,76.8,4.180786835542729
233,76.7,4.1792381533624114
234,76.6,4.177882311453274
235,76.5,4.176353873518712
236,76.4,4.17485903919995
237,76.3,4.173476823836731
238,76.2,4.1719557506989275
239,76.1,4.170396150947391
240,76.0,4.168938984015272
241,75.9,4.167499420142308
242,75.8,4.166036053433155
243,75.7,4.164590428947489
244,75.6,4.163076262081734
245,75.5,4.161578824784728
246,75.4,4.16013292905958
247,75.3,4.15868613655772
248,75.2,4.157242708663442
249,75.1,4.155848102119634
250,75.0,4.154257299978929
251,74.9,4.152783061474862
252,74.8,4.151322800455783
253,74.7,4.149860671015916
254,74.6,4.148406479192263
255,74.5,4.147027170882378
256,74.4,4.145593434008985
257,74.3,4.144108610405722
258,74.2,4.142620603692758
259,74.1,4.141195624917666
260,74.0,4.13974753859737
261,73.9,4.138314753931134
262,73.8,4.136816437901126
263,73.7,4.135325556584541
264,73.6,4.133985622895779
265,73.5,4.132546507842711
266,73.4,4.131096362286089
267,73.3,4.129659227393103
268,73.2,4.128219297379734
269,73.1,4.126823505030155
270,73.0,4.1253405472314
271,72.9,4.1238583368652035
272,72.8,4.122461701229721
273,72.7,4.121032925229206
274,72.6,4.119702821915365
275,72.5,4.1182003180882045
276,72.4,4.116787713367335
277,72.3,4.115359982192555
278,72.2,4.113908224690773
279,72.1,4.112635687495257
280,72.0,4.111096271243243
281,71.9,4.109763903522605
282,71.8,4.108302177673068
283,71.7,4.10691300322992
284,71.6,4.105497486322182
285,71.5,4.104041010597156
286,71.4,4.102687658013919
287,71.3,4.101246843468258
288,71.2,4.099876462884438
289,71.1,4.0984878372981015
290,71.0,4.097102934860764
291,70.9,4.095639146832956
292,70.8,4.09419930551238
293,70.7,4.0929622455166115
294,70.6,4.091496730811611
295,70.5,4.090029161073757
296,70.4,4.088761872879423
297,70.3,4.087351574959516
298,70.2,4.08599103571121
299,70.1,4.084672441465423
300,70.0,4.083222221497649
301,69.9,4.081840332453479
302,69.8,4.080467789349173
303,69.7,4.079049148856267
304,69.6,4.077743253801541
305,69.5,4.076418795571131
306,69.4,4.075043418197064
307,69.3,4.073680823480701
308,69.2,4.0724041057226446
309,69.1,4.07105690879524
310,69.0,4.069646375497939
311,68.9,4.068322961970392
312,68.8,4.066914334913256
313,68.7,4.065553185714719
314,68.6,4.064257472714824
315,68.5,4.0629569113568875
316,68.4,4.061494255932317
317,68.3,4.060232843962488
318,68.2,4.058890668241767
319,68.1,4.05758784919274
320,68.0,4.056245483867614
321,67.9,4.054913269851852
322,67.8,4.053591222389431
323,67.69999999999999,4.052227455618787
324,67.6,4.0509311332536075
325,67.5,4.049632742484926
326,67.4,4.048337674187977
327,67.3,4.046999637752174
328,67.19999999999999,4.045675369742269
329,67.1,4.0442364185709145
330,67.0,4.043039480826614
331,66.9,4.041574241255075
332,66.8,4.040354533318508
333,66.69999999999999,4.039066995919226
334,66.6,4.0377073578667835
335,66.5,4.03631374647562
336,66.4,4.035010532096989
337,66.3,4.033769693274448
338,66.19999999999999,4.032544447226177
339,66.1,4.0312257959688935
340,66.0,4.02998682972251
341,65.9,4.028530825054289
342,65.8,4.027359254302905
343,65.69999999999999,4.02603972227796
344,65.6,4.024715922965221
345,65.5,4.023478425394246
346,65.4,4.0221454546239945
347,65.3,4.020828958329244
348,65.19999999999999,4.019624487853443
349,65.1,4.018359684567911
350,65.0,4.016997132242894
351,64.9,4.015739580825562
352,64.8,4.014448176324951
353,64.69999999999999,4.013162297755223
354,64.6,4.01186081030251
355,64.5,4.010548466049957
356,64.4,4.009357273237407
357,64.3,4.008050572090415
358,64.19999999999999,4.006872426434793
359,64.1,4.005608976407876
360,64.0,4.004228230286757
361,63.9,4.002913908829686
362,63.8,4.00171817335738
363,63.699999999999996,4.000461102847161
364,63.6,3.9991799378548354
365,63.5,3.9978812003105935
366,63.4,3.99662709677059
367,63.3,3.995424315790383
368,63.199999999999996,3.9940939484110696
369,63.1,3.992837202823357
370,63.0,3.9916566150398243
371,62.9,3.9903078368184457
372,62.8,3.989139089861104
373,62.699999999999996,3.987862535469374
374,62.6,3.986616491077488
375,62.5,3.985334923335465
376,62.4,3.9840943077029127
377,62.3,3.982810522950441
378,62.199999999999996,3.981552954827581
379,62.1,3.9804047040042874
380,62.0,3.979175861966322
381,61.9,3.9778563073564377
382,61.8,3.97665822312696
383,61.699999999999996,3.9754566231219313
384,61.599999999999994,3.9741671079701937
385,61.5,3.9728765857926285
386,61.4,3.9716487669298766
387,61.3,3.970553937447889
388,61.199999999999996,3.9692044918637923
389,61.099999999999994,3.9680713289323695
390,61.0,3.966792066728477
391,60.9,3.9654825670050347
392,60.8,3.9643498645094777
393,60.699999999999996,3.9631296126029296
394,60.599999999999994,3.9618217917752903
395,60.5,3.9606086644808562
396,60.4,3.9594417618954423
397,60.3,3.9581167444209977
398,60.199999999999996,3.9569697517383045
399,60.099999999999994,3.955827087884168
400,60.0,3.9545630377524583
401,59.9,3.953425246394703
402,59.8,3.9522477971188077
403,59.699999999999996,3.950993481485235
404,59.599999999999994,3.9498145426210587
405,59.5,3.9485262494596824
406,59.4,3.947303305589421
407,59.3,3.9461297353513123
408,59.199999999999996,3.94499391618447
409,59.099999999999994,3.943835480712399
410,59.0,3.9426257181124744
411,58.9,3.941328539067294
412,58.8,3.940169418182072
413,58.699999999999996,3.9389261589413804
414,58.599999999999994,3.9377642598812015
415,58.5,3.936677764248182
416,58.4,3.93547170143605
417,58.3,3.9342655137797893
418,58.199999999999996,3.933113320255835
419,58.099999999999994,3.931923402702284
420,58.0,3.9307850274846095
421,57.9,3.929568736264147
422,57.8,3.928458203497235
423,57.699999999999996,3.9271841830980065
424,57.599999999999994,3.9261245131938973
425,57.5,3.9248536950163375
426,57.4,3.923700493515
427,57.3,3.922573308336859
428,57.199999999999996,3.9214654386850034
429,57.099999999999994,3.9202894046032126
430,57.0,3.9191309324294963
431,56.9,3.91808140206825
432,56.8,3.916812192302332
433,56.699999999999996,3.9157527606885294
434,56.599999999999994,3.9145554791460726
435,56.5,3.9134349660087473
436,56.4,3.9123583773896433
437,56.3,3.9111210685445315
438,56.199999999999996,3.9100263014630885
439,56.099999999999994,3.9088970336316784
440,56.0,3.907665944290239
441,55.9,3.9066558269405256
442,55.8,3.90557201359098
443,55.699999999999996,3.9044390504774102
444,55.599999999999994,3.9033267073229085
445,55.5,3.902227990019783
446,55.4,3.9011223281513976
447,55.3,3.9000530349357208
448,55.199999999999996,3.8988696000512295
449,55.099999999999994,3.8978188374929967
450,55.0,3.8967180516369115
451,54.9,3.8957126962980038
452,54.8,3.894590899803147
453,54.699999999999996,3.893379232641208
454,54.599999999999994,3.8923609582963126
455,54.5,3.8913658504996045
456,54.4,3.8901978811352977
457,54.3,3.889237407847496
458,54.199999999999996,3.888091288913568
459,54.099999999999994,3.886923876992963
460,54.0,3.8859636856950193
461,53.9,3.88492520127546
462,53.8,3.8839200893722636
463,53.699999999999996,3.8827155307851315
464,53.599999999999994,3.8817302431061482
465,53.5,3.8806706073999004
466,53.4,3.8796842864335757
467,53.3,3.8786958446860678
468,53.199999999999996,3.8776238763855764
469,53.099999999999994,3.8765338518582624
470,53.0,3.8755022557691836
471,52.9,3.8745180787605666
472,52.8,3.873530038946928
473,52.699999999999996,3.8724955566043486
474,52.599999999999994,3.871526669494594
475,52.5,3.8706315558383992
476,52.4,3.8694747784745855
477,52.3,3.8684717478567796
478,52.199999999999996,3.8675275046440207
479,52.099999999999994,3.866536930943821
480,52.0,3.865497179458706
481,51.9,3.864554224012444
482,51.8,3.86363438170379
483,51.699999999999996,3.8626692080104337
484,51.599999999999994,3.86168785688693
485,51.5,3.8607440515195983
486,51.4,3.85975058097962
487,51.3,3.858772031682888
488,51.199999999999996,3.8578471290762724
489,51.099999999999994,3.856946302950071
490,51.0,3.855972115553298
491,50.9,3.855076595909671
492,50.8,3.8540997060391433
493,50.699999999999996,3.853228501767099
494,50.599999999999994,3.8522880518907923
495,50.5,3.851330706235549
496,50.4,3.850634213837818
497,50.3,3.8495623202417883
498,50.199999999999996,3.8486268664985053
499,50.099999999999994,3.8477544467725484
500,50.0,3.846928599313942
501,49.9,3.8460140209610594
502,49.8,3.8450423413733685
503,49.699999999999996,3.8442549616458614
504,49.599999999999994,3.843260158341575
505,49.5,3.842479896257977
506,49.4,3.8415622573108643
507,49.3,3.840691998513054
508,49.199999999999996,3.839845106879943
509,49.099999999999994,3.8390272859845807
510,49.0,3.838290749420048
511,48.9,3.8373621810922556
512,48.8,3.83662107788333
513,48.699999999999996,3.8357541227811702
514,48.599999999999994,3.8349132366354803
515,48.5,3.8340939874544655
516,48.4,3.8332542436625565
517,48.3,3.8324411642948806
518,48.199999999999996,3.831670842089809
519,48.099999999999994,3.830804427398279
520,48.0,3.8301003184495506
521,47.9,3.8292752537429147
522,47.8,3.828537448166536
523,47.699999999999996,3.8277250170123582
524,47.599999999999994,3.8269829348894597
525,47.5,3.8260913353745294
526,47.4,3.825327279440138
527,47.3,3.824632978287688
528,47.199999999999996,3.823906698150384
529,47.099999999999994,3.823172493552913
530,47.0,3.8223624811493893
531,46.9,3.8217332971584415
532,46.8,3.820927995773737
533,46.699999999999996,3.8201203371468955
534,46.599999999999994,3.8193913833938518
535,46.5,3.8187249481728296
536,46.4,3.8181061995645043
537,46.3,3.817326331806625
538,46.199999999999996,3.8165621093391198
539,46.099999999999994,3.815876726668549
540,46.0,3.815128620334763
541,45.9,3.8145008185344396
542,45.8,3.813834523670538
543,45.699999999999996,3.813127064661271
544,45.599999999999994,3.812491571737108
545,45.5,3.8118221533995733
546,45.4,3.8111210377515077
547,45.3,3.8104426974400547
548,45.199999999999996,3.8098538807052806
549,45.099999999999994,3.809215453672718
550,45.0,3.808446562641569
551,44.9,3.8077721907177198
552,44.8,3.807142219288042
553,44.699999999999996,3.806599980535146
554,44.599999999999994,3.805923414730808
555,44.5,3.805396286672921
556,44.4,3.8047022767827317
557,44.3,3.804088969122161
558,44.199999999999996,3.803477010671388
559,44.099999999999994,3.802816978439018
560,44.0,3.8022744344434996
561,43.9,3.8016862335319197
562,43.8,3.8011021606532878
563,43.699999999999996,3.8004236031857332
564,43.599999999999994,3.7998246059738654
565,43.5,3.7993584178391857
566,43.4,3.7987080964895754
567,43.3,3.798092136019271
568,43.199999999999996,3.797647086539109
569,43.099999999999994,3.7969120415588664
570,43.0,3.7964092605188213
571,42.9,3.7958442352779684
572,42.8,3.795270496868517
573,42.699999999999996,3.79481764171023
574,42.599999999999994,3.794125787870567
575,42.5,3.7937452631354467
576,42.4,3.793172234848794
577,42.3,3.792568885984785
578,42.199999999999996,3.7920060606470543
579,42.099999999999994,3.791469893305194
580,42.0,3.7908595806951983
581,41.9,3.79036872591243
582,41.8,3.78986401511762
583,41.699999999999996,3.789344089771785
584,41.599999999999994,3.7889207010311865
585,41.5,3.7882586246846555
586,41.4,3.7878625693004784
587,41.3,3.7872773890911153
588,41.199999999999996,3.7867879218690743
589,41.099999999999994,3.786331119470943
590,41.0,3.785774349661353
591,40.9,3.785289629202721
592,40.8,3.7848111343441664
593,40.699999999999996,3.7842688764480674
594,40.599999999999994,3.7838250510906466
595,40.5,3.7833865703819898
596,40.4,3.783024187039443
597,40.3,3.782349619469516
598,40.199999999999996,3.781966678387052
599,40.099999999999994,3.7815606232084655
600,40.0,3.780966634736898
601,39.9,3.7804909852291857
602,39.8,3.7800785392663476
603,39.699999999999996,3.779660650071714
604,39.599999999999994,3.779211934638737
605,39.5,3.778810429783111
606,39.4,3.7783247268318063
607,39.3,3.7778589788613157
608,39.199999999999996,3.7774764159862837
609,39.099999999999994,3.7769626095258997
610,39.0,3.7766402156208487
611,38.9,3.7760919294907684
612,38.8,3.7755792428247528
613,38.699999999999996,3.77517359458419
614,38.599999999999994,3.7747928681871374
615,38.5,3.774344142456168
616,38.4,3.7739502309190898
617,38.3,3.7734622319923323
618,38.199999999999996,3.7731719117688325
619,38.099999999999994,3.7727034866860665
620,38.0,3.7723026164444473
621,37.9,3.7719397234332877
622,37.8,3.771469133808171
623,37.699999999999996,3.7710560391555576
624,37.599999999999994,3.7706583065772605
625,37.5,3.770178830329702
626,37.4,3.769818406886914
627,37.3,3.769438787260385
628,37.199999999999996,3.769033550616819
629,37.099999999999994,3.768642692669275
630,37.0,3.7682510032836634
631,36.9,3.767895444023922
632,36.8,3.7674150581227
633,36.699999999999996,3.767009060743348
634,36.599999999999994,3.766702794723573
635,36.5,3.766226117546123
636,36.4,3.765905188681701
637,36.3,3.7655125063975023
638,36.199999999999996,3.765156492936398
639,36.099999999999994,3.764658333123323
640,36.0,3.7643670806151466
641,35.89999999999999,3.7640202328361467
642,35.8,3.7636126300949213
643,35.7,3.7632869615866995
644,35.599999999999994,3.7629468528987697
645,35.5,3.762574915331662
646,35.39999999999999,3.762110191078219
647,35.3,3.7617200537078084
648,35.2,3.761382794883437
649,35.099999999999994,3.7610114415292
650,35.0,3.7606317047461464
651,34.89999999999999,3.7603221720435065
652,34.8,3.759922946524448
653,34.7,3.7596021958815102
654,34.599999999999994,3.759263293034538
655,34.5,3.758852880118702
656,34.39999999999999,3.7584793356877197
657,34.3,3.7581012125759434
658,34.2,3.757802865290775
659,34.099999999999994,3.7573705346030017
660,34.0,3.7570842759604077
661,33.89999999999999,3.7568071696212546
662,33.8,3.7564240363367882
663,33.7,3.7560282630087016
664,33.599999999999994,3.7557089947954645
665,33.5,3.7553333240408477
666,33.39999999999999,3.7549877450246862
667,33.3,3.7546394076101692
668,33.2,3.7542542607282177
669,33.099999999999994,3.7539007413235432
670,33.0,3.753579514490948
671,32.89999999999999,3.753237995241448
672,32.8,3.752838020393288
673,32.7,3.7525419999560405
674,32.599999999999994,3.752237206634159
675,32.5,3.7518794706530687
676,32.39999999999999,3.751644275433015
677,32.3,3.751258431480386
678,32.2,3.7509216493810347
679,32.099999999999994,3.750633484185099
680,32.0,3.7501834596285897
681,31.89999999999999,3.7499991740431047
682,31.799999999999997,3.749582055447152
683,31.700000000000003,3.749209801583664
684,31.599999999999994,3.7488893547572157
685,31.5,3.748617695707441
686,31.39999999999999,3.748224170392532
687,31.299999999999997,3.7479820509889152
688,31.200000000000003,3.74764288938711
689,31.099999999999994,3.74724004950966
690,31.0,3.746952968756384
691,30.89999999999999,3.746615209083737
692,30.799999999999997,3.7462484759851455
693,30.700000000000003,3.7458670924859203
694,30.599999999999994,3.745643569460636
695,30.5,3.7453292545824834
696,30.39999999999999,3.7450022367664566
697,30.299999999999997,3.7446733615453036
698,30.200000000000003,3.744212530003404
699,30.099999999999994,3.744012888103269
700,30.0,3.7437425070070316
701,29.89999999999999,3.743286829298968
702,29.799999999999997,3.7430272990071574
703,29.700000000000003,3.742763610898253
704,29.599999999999994,3.7423333741235263
705,29.5,3.741980604141763
706,29.39999999999999,3.741707269328276
707,29.299999999999997,3.7413795711271947
708,29.200000000000003,3.7410790656160744
709,29.099999999999994,3.7408209240083763
710,29.0,3.740410499100854
711,28.89999999999999,3.740080062386316
712,28.799999999999997,3.7397302577817295
713,28.700000000000003,3.7394885128571937
714,28.599999999999994,3.7391474668789213
715,28.5,3.7388972846885715
716,28.39999999999999,3.7384751582830984
717,28.299999999999997,3.738165719596863
718,28.200000000000003,3.737883760804872
719,28.099999999999994,3.7374803041317732
720,28.0,3.737181728145042
721,27.89999999999999,3.7368597279336715
722,27.799999999999997,3.736521488940951
723,27.700000000000003,3.7362257622517183
724,27.599999999999994,3.7358666183895832
725,27.5,3.7355967557479457
726,27.39999999999999,3.735276870349528
727,27.299999999999997,3.73493674750272
728,27.200000000000003,3.7346877777244116
729,27.099999999999994,3.734335374270093
730,27.0,3.733975852431359
731,26.89999999999999,3.7336352561807207
732,26.799999999999997,3.7334299688515182
733,26.700000000000003,3.7329652908140956
734,26.599999999999994,3.7328085486320357
735,26.5,3.7323892215376904
736,26.39999999999999,3.732096884045633
737,26.299999999999997,3.7317371947957203
738,26.200000000000003,3.7313445776757854
739,26.099999999999994,3.731076159672978
740,26.0,3.7307193917484387
741,25.89999999999999,3.7303596160379007
742,25.799999999999997,3.730074886817617
743,25.700000000000003,3.729769750184273
744,25.599999999999994,3.7294831144312126
745,25.5,3.7291409381018252
746,25.39999999999999,3.7288179677495497
747,25.299999999999997,3.728442047053307
748,25.200000000000003,3.7281846437206223
749,25.099999999999994,3.727794648461822
750,25.0,3.7274838886317374
751,24.89999999999999,3.727134979389798
752,24.799999999999997,3.7268603986990065
753,24.700000000000003,3.7264614977115196
754,24.599999999999994,3.726225858735199
755,24.5,3.7258669871976298
756,24.39999999999999,3.725635998320695
757,24.299999999999997,3.725259650429829
758,24.200000000000003,3.724889454776602
759,24.099999999999994,3.7246292409670962
760,24.0,3.724247289385782
761,23.89999999999999,3.7238885175494287
762,23.799999999999997,3.723591503856725
763,23.700000000000003,3.7232911157042965
764,23.599999999999994,3.7228717309577384
765,23.5,3.722553584415398
766,23.39999999999999,3.722310908558327
767,23.299999999999997,3.7218993718833286
768,23.19999999999999,3.7216157553287665
769,23.099999999999994,3.7211892312185992
770,23.0,3.7208635390226084
771,22.89999999999999,3.7205590593143385
772,22.799999999999997,3.72025648065586
773,22.69999999999999,3.719922876734382
774,22.599999999999994,3.7195544091653847
775,22.5,3.7191465037829063
776,22.39999999999999,3.7188705265881423
777,22.299999999999997,3.7184991122627546
778,22.19999999999999,3.7181844146719296
779,22.099999999999994,3.7179222794868534
780,22.0,3.717414586544826
781,21.89999999999999,3.7171431389074967
782,21.799999999999997,3.7167860914502726
783,21.69999999999999,3.716481814640299
784,21.599999999999994,3.716192643419548
785,21.5,3.7157857710593984
786,21.39999999999999,3.715523729943397
787,21.299999999999997,3.715058756770492
788,21.19999999999999,3.7147670129438657
789,21.099999999999994,3.714344669048774
790,21.0,3.71400465833261
791,20.89999999999999,3.713643418808258
792,20.799999999999997,3.713335921947631
793,20.69999999999999,3.712906860726461
794,20.599999999999994,3.712612940618421
795,20.5,3.7121716948911825
796,20.39999999999999,3.7118095547809635
797,20.299999999999997,3.7115085763567284
798,20.19999999999999,3.7111152261053793
799,20.099999999999994,3.710718875942406
800,20.0,3.7105488801528588
801,19.89999999999999,3.710049406785603
802,19.799999999999997,3.709747803542789
803,19.69999999999999,3.7092653942381184
804,19.599999999999994,3.7089870105683023
805,19.5,3.7086354928052248
806,19.39999999999999,3.7081757233125265
807,19.299999999999997,3.7078237832600354
808,19.19999999999999,3.707501583580393
809,19.099999999999994,3.7070618472023438
810,19.0,3.7066846923377654
811,18.89999999999999,3.706292996854175
812,18.799999999999997,3.705998997842229
813,18.69999999999999,3.7056554811548055
814,18.599999999999994,3.705170945492447
815,18.5,3.7048594249456817
816,18.39999999999999,3.704457505719708
817,18.299999999999997,3.7040325824640496
818,18.19999999999999,3.703630944831594
819,18.099999999999994,3.7033326289055
820,18.0,3.702878290112562
821,17.89999999999999,3.70245862096741
822,17.799999999999997,3.702201904521411
823,17.69999999999999,3.701736083331561
824,17.599999999999994,3.7013353203090005
825,17.5,3.7008854056489944
826,17.39999999999999,3.700525306033549
827,17.299999999999997,3.700209973565258
828,17.19999999999999,3.699721846406955
829,17.099999999999994,3.699384162067036
830,17.0,3.6989902563036066
831,16.89999999999999,3.6985826505883206
832,16.799999999999997,3.698097872125794
833,16.69999999999999,3.697774898856263
834,16.599999999999994,3.6974089557112433
835,16.5,3.696913255112641
836,16.39999999999999,3.696497705835014
837,16.299999999999997,3.6960335123331234
838,16.19999999999999,3.695615870114091
839,16.099999999999994,3.6952245853002763
840,16.0,3.694856783892348
841,15.899999999999991,3.6943701053822378
842,15.799999999999997,3.6939555403490747
843,15.699999999999989,3.693566673379857
844,15.599999999999994,3.6930436098428427
845,15.5,3.692664069319108
846,15.399999999999991,3.6921886232833545
847,15.299999999999997,3.691798991712412
848,15.199999999999989,3.6912432945766405
849,15.099999999999994,3.6908577283328747
850,15.0,3.6904228800106464
851,14.899999999999991,3.689985820305989
852,14.799999999999997,3.6895042979477437
853,14.699999999999989,3.6890372564788634
854,14.599999999999994,3.688680751862568
855,14.5,3.688133049105557
856,14.399999999999991,3.6876545699016963
857,14.299999999999997,3.687265355389777
858,14.199999999999989,3.686840410299099
859,14.099999999999994,3.6863206280951046
860,14.0,3.6858312007031984
861,13.899999999999991,3.6853449419121667
862,13.799999999999997,3.6848615006751526
863,13.699999999999989,3.6844171570937174
864,13.599999999999994,3.683892528958101
865,13.5,3.6833776545029413
866,13.399999999999991,3.6829239872464377
867,13.299999999999997,3.6824449390829868
868,13.199999999999989,3.6818799265925772
869,13.099999999999994,3.6814671737514444
870,13.0,3.681007274607104
871,12.899999999999991,3.6803762851378683
872,12.799999999999997,3.6799374343537736
873,12.699999999999989,3.6793891703352557
874,12.599999999999994,3.678766340146245
875,12.5,3.678319228176074
876,12.399999999999991,3.6779040874969113
877,12.299999999999997,3.6773777700502635
878,12.199999999999989,3.67679131494442
879,12.099999999999994,3.676228495905358
880,12.0,3.675651796884228
881,11.899999999999991,3.675222578923662
882,11.799999999999997,3.674593322231539
883,11.699999999999989,3.6740024082586373
884,11.599999999999994,3.673338586923194
885,11.5,3.6728992680883064
886,11.399999999999991,3.672315934911327
887,11.299999999999997,3.671681015668291
888,11.199999999999989,3.671231973021053
889,11.099999999999994,3.6705114330920887
890,11.0,3.6699975937126
891,10.899999999999991,3.669354670707103
892,10.799999999999997,3.668762972864668
893,10.699999999999989,3.668145079854815
894,10.599999999999994,3.667500858535163
895,10.5,3.666937562621708
896,10.399999999999991,3.666293430652112
897,10.299999999999997,3.6655443660791427
898,10.199999999999989,3.664987716502894
899,10.099999999999994,3.664325450391898
900,10.0,3.663687959232233
901,9.899999999999991,3.6630508984568166
902,9.799999999999997,3.6624227867715633
903,9.699999999999989,3.6616892702116375
904,9.599999999999994,3.660965991526951
905,9.5,3.660200554508444
906,9.399999999999991,3.65945111644581
907,9.299999999999997,3.658793247932504
908,9.199999999999989,3.6580911687485034
909,9.099999999999994,3.657253250069833
910,9.0,3.6566524017897577
911,8.899999999999991,3.65589961878287
912,8.799999999999997,3.6551037172346943
913,8.699999999999989,3.6544015179171034
914,8.599999999999994,3.653551216694738
915,8.5,3.6528204998652356
916,8.399999999999991,3.652047348425965
917,8.299999999999997,3.651177248094993
918,8.199999999999989,3.6503774342214252
919,8.099999999999994,3.6495783033696076
920,8.0,3.6486018184225197
921,7.8999999999999915,3.6478358974939638
922,7.799999999999997,3.6469841849948583
923,7.699999999999989,3.6460463428575816
924,7.599999999999994,3.645159978173815
925,7.5,3.6442454710713172
926,7.3999999999999915,3.6432645489760827
927,7.299999999999997,3.642319610486227
928,7.199999999999989,3.641411622638372
929,7.099999999999994,3.640455203294118
930,7.0,3.63947956503977
931,6.8999999999999915,3.6384825616319505
932,6.799999999999997,3.6373595362729327
933,6.699999999999989,3.6362180911985966
934,6.599999999999994,3.6351880408150796
935,6.5,3.633973707610043
936,6.3999999999999915,3.632968671553886
937,6.299999999999997,3.6318214161604137
938,6.199999999999989,3.630593605015038
939,6.099999999999994,3.629409497906389
940,6.0,3.628063682918811
941,5.8999999999999915,3.626814024781869
942,5.799999999999997,3.62541884128229
943,5.699999999999989,3.624051230789992
944,5.599999999999994,3.622629196924977
945,5.5,3.6213368243634925
946,5.3999999999999915,3.619946366925667
947,5.299999999999997,3.6183640764035405
948,5.199999999999989,3.61671351695013
949,5.099999999999994,3.615063952756582
950,5.0,3.6134376667680126
951,4.8999999999999915,3.611811926535702
952,4.799999999999997,3.6100637485601075
953,4.699999999999989,3.6082539517011014
954,4.599999999999994,3.6063516395852337
955,4.5,3.6043681433984034
956,4.3999999999999915,3.60233356684015
957,4.299999999999997,3.600076972964065
958,4.199999999999989,3.597957769810639
959,4.099999999999994,3.5958702224075
960,4.0,3.593514815834256
961,3.8999999999999915,3.5909998190353103
962,3.799999999999997,3.588281885157936
963,3.6999999999999886,3.5853045094176412
964,3.5999999999999943,3.5824804461026933
965,3.5,3.579479578737992
966,3.3999999999999915,3.576421466109164
967,3.299999999999997,3.573289397565296
968,3.1999999999999886,3.569794101420154
969,3.0999999999999943,3.567624689549745
970,3.0,3.563032606938114
971,2.8999999999999915,3.5580495262997998
972,2.799999999999997,3.553881391159999
973,2.6999999999999886,3.549611908215779
974,2.5999999999999943,3.545143784854441
975,2.5,3.5402128072344965
976,2.3999999999999915,3.534967490046735
977,2.299999999999997,3.5320224968140828
978,2.1999999999999886,3.523736226669922
979,2.0999999999999943,3.51857555889494
980,2.0,3.5102543261570767
981,1.8999999999999915,3.506505361728541
982,1.7999999999999972,3.4964906494012373
983,1.6999999999999886,3.4874257845151697
984,1.5999999999999943,3.477723191890667
985,1.5,3.4658424133187062
986,1.3999999999999915,3.4527753852958325
987,1.2999999999999972,3.440515186133329
988,1.1999999999999886,3.4276282751114873
989,1.0999999999999943,3.4070342752833502
990,1.0,3.386671526848195
991,0.8999999999999915,3.3618476297872975
992,0.7999999999999972,3.330540167717406
993,0.6999999999999886,3.295165351068552
994,0.5999999999999943,3.253806974926081
995,0.5,3.2087147515171486
996,0.3999999999999915,3.156047092798266
997,0.29999999999999716,3.0966163327445093
998,0.19999999999998863,3.026342537650623
999,0.09999999999999432,2.945256549783352
1000,0.0,2.8500082
